# File generated by ImageToStl.com - Free Image and 3D model conversion tools

o obj1
v -15.35884857 13.50050068 8.21461487
v -16.0253315 12.59600925 6.7347641
v -15.61126709 13.33422565 6.70931721
v -17.94509697 14.66243649 9.34354591
v -17.53731537 14.06284714 9.84326363
v -17.35682869 14.65457249 10.01585007
v -14.37432384 12.87260723 15.03943729
v -12.3300457 14.07292843 11.97994995
v -11.88457203 13.91814709 13.6066246
v -16.20880699 14.60046196 13.33736515
v -16.10712624 14.11995506 13.80081654
v -16.15814781 14.57771206 13.85316753
v -15.8649435 15.53282261 10.64253235
v -15.35804844 15.53282261 10.35091496
v -16.2532177 15.48986435 9.38126659
v -17.52161026 15.57553673 5.17346621
v -18.07891846 14.63509083 4.72460699
v -18.00461769 15.26098633 4.89945555
v -17.74306297 13.0703907 9.22751522
v -17.80624008 12.21693897 8.14742565
v -16.95541763 12.52453327 8.77429867
v -18.1935463 12.76032162 5.00961542
v -18.98995209 12.51726627 5.70341825
v -19.05416679 13.02370739 5.33173037
v -15.17105484 15.90176678 13.99027443
v -14.11291981 16.34611702 13.38133526
v -14.9617157 16.12394142 13.13022327
v -15.60560608 12.47839165 12.85862064
v -14.12343407 13.25543118 11.15395832
v -12.41010189 13.70165062 11.67323685
v -16.6272316 13.62779427 11.40250206
v -17.21884155 13.51771545 10.37349129
v -16.33325386 12.81666088 10.91195107
v -14.75181293 15.22671795 10.43153572
v -14.89590263 15.15602779 10.83254242
v -14.34480095 14.51226616 10.51378727
v -17.02256966 12.36081886 5.57484293
v -17.89401817 12.96677494 4.87401962
v -20.86063004 14.77514744 6.55298567
v -22.05420303 14.48579121 3.87844205
v -20.4918251 14.47947502 7.78315544
v -19.21842194 13.36342144 6.47421694
v -21.32578087 13.64789295 3.46262336
v -19.2971096 13.67200279 5.98108959
v -13.21838474 12.8258934 15.09265995
v -13.76737785 14.56617546 15.40859604
v -13.82371712 12.63214874 15.10800457
v -12.46653366 15.71807957 13.68398571
v -12.93364716 15.41973019 14.8181715
v -12.42711926 15.18945694 14.30428505
v -16.38441658 14.77514744 3.97577333
v -15.32141304 14.47229004 5.26273727
v -17.98792267 14.29302597 1.53679538
v -15.68885994 13.13833332 5.81979656
v -16.38441658 13.35613728 3.97577333
v -15.21923733 13.68153858 5.54680109
v -13.91487026 14.44411659 9.50640488
v -13.80347252 14.25116825 9.50666332
v -13.82131863 14.03174973 -1.1991787
v -14.62171555 13.4472847 9.50436211
v -15.00279903 13.81347561 8.84665012
v -14.8106842 13.67164993 -1.20146775
v -15.48071003 14.11995506 14.88931942
v -15.43782806 12.7003727 14.14014244
v -12.78631783 15.88924503 12.61789703
v -11.89558506 14.05636406 12.82613659
v -12.95909405 15.44193172 11.98917389
v -13.47671986 15.34321308 11.63348389
v -13.54741383 15.71807957 11.80577564
v -18.93143845 15.15077496 8.30695915
v -19.36206055 13.49711514 5.46313953
v -19.20778275 12.42205906 6.47155523
v -17.7334137 16.27197838 6.80835104
v -17.23373413 16.12695312 6.0879941
v -18.0925312 16.19920349 6.18412685
v -17.65319824 14.03176403 21.69867516
v -17.71731758 13.89753819 11.34315968
v -17.59370613 13.61939621 10.99284649
v -16.7791996 14.57879734 11.17282486
v -16.6638298 14.39186478 21.69781494
v -16.503685 14.25003719 11.64913654
v -20.4918251 13.65181065 7.78315639
v -22.05420303 13.6454916 3.87844205
v -20.86063004 13.35613728 6.55298567
v -19.24390793 14.06564331 8.66442108
v -19.66239929 14.35673046 8.63839626
v -19.66239929 13.77455521 8.63839626
v -15.20835972 14.06284714 8.50341797
v -15.47423363 14.06065845 6.81860256
v -14.65669918 13.87230587 11.23597336
v -14.89590359 12.96966362 10.83254242
v -14.34539223 13.61232471 10.51511478
v -15.4523716 13.87230587 11.69372177
v -16.23202133 13.61232471 11.60049343
v -15.68089008 12.96966362 11.2841444
v -15.4258976 15.46288681 10.81933594
v -18.93710518 13.83825874 2.08856177
v -17.27640152 13.36342144 5.35686636
v -17.70979881 13.67519283 4.98318815
v -15.32407951 14.60350227 6.14136791
v -15.13147068 14.06564236 6.02940226
v -16.42495918 12.52453327 8.46912575
v -16.72221375 12.20949364 7.82053089
v -16.53920364 12.21693897 7.41849995
v -14.22587776 16.1502037 12.3118763
v -15.31872368 15.22859097 11.85651302
v -15.16810513 14.58045483 11.64528465
v -15.41326618 14.3017664 11.84690094
v -15.77228546 14.99578571 12.22078419
v -17.64416122 12.37936211 5.26010132
v -14.08866215 14.0317564 10.05622959
v -13.88697624 14.22104359 9.82451439
v -14.29931927 13.42287159 9.67029953
v -14.10142612 13.54658794 -1.19982922
v -13.91487026 13.61939621 9.50640488
v -16.36900902 12.98424625 5.41405249
v -16.66584587 13.13862896 4.13936996
v -15.67683887 14.21967411 6.64090252
v -17.84897804 14.06564331 4.87087727
v -15.89211082 13.36591148 6.46719408
v -15.44341373 12.36286831 13.77679825
v -12.21534157 13.71845531 11.91909409
v -16.15459824 14.21867275 13.17455769
v -15.42593288 14.97140026 8.60633373
v -14.91005898 14.60795593 9.04524994
v -15.43537998 14.66243649 7.89970779
v -17.00038147 16.13641548 7.25540447
v -18.49388885 12.19592285 7.68883944
v -19.04148483 12.46929169 7.56070518
v -18.85468292 12.14268875 7.00820494
v -18.88575554 13.33422565 8.5931282
v -18.28024101 14.34319115 4.7252841
v -19.24656296 14.66426373 5.32570648
v -18.69965363 15.17807102 5.12881136
v -19.29379272 15.38880348 5.9009099
v -19.36110115 14.63509083 5.46224546
v -17.2840519 14.79256248 5.3419652
v -18.46251488 14.65982342 1.81267858
v -18.93710518 14.29302502 2.08856177
v -17.94882011 14.06564331 1.51406324
v -15.50526428 13.65180969 4.91195059
v -18.0992775 13.64549255 1.6015259
v -17.37308884 14.51692581 21.69843483
v -17.59370613 14.44411659 10.99284649
v -17.61941147 14.2233696 21.69864655
v -16.53276253 14.03176403 21.69770432
v -16.81287193 13.54660225 21.69794655
v -16.503685 13.81347561 11.64913654
v -17.71731758 14.16597366 11.34315968
v -17.23406219 13.91972828 10.39227772
v -17.622612 13.84246922 10.67482853
v -17.52650833 14.38749886 10.6747427
v -19.26476479 13.06656265 7.0826931
v -21.68931961 13.47145939 3.67014956
v -22.20534325 14.0656414 3.9647193
v -14.68447113 13.04066277 11.36207771
v -15.14629459 12.8258934 11.74259758
v -14.83471107 13.54369545 11.46807575
v -14.762743 15.41973019 11.63980865
v -13.40035248 15.22859097 15.19000721
v -12.93881321 15.8787508 14.30383682
v -14.02905846 15.95882702 14.63038635
v -13.94318962 14.99578476 15.39914513
v -15.12792683 14.60046196 15.21557522
v -14.37271023 14.3724308 15.42394161
v -14.8901577 13.60286713 11.37028122
v -15.21891308 14.52282429 11.55941486
v -15.68089104 15.15602779 11.2841444
v -15.38791466 14.37792587 11.65664005
v -16.1701622 15.12826443 5.75612116
v -17.32978058 14.99265671 4.52532053
v -16.5204258 15.00926495 5.96148729
v -16.99477768 14.61881924 10.80789185
v -17.23406219 14.14378262 10.39227772
v -17.19026184 13.48005867 21.69827271
v -16.99477768 13.44469261 10.80789185
v -16.61304283 13.62765217 11.46007729
v -19.30488777 14.76839161 8.43431187
v -19.33346176 14.47364712 8.62008858
v -19.62416267 15.14703941 7.28785324
v -21.88679314 14.61459351 3.78287578
v -20.57792473 14.99265575 6.39160347
v -18.92851448 13.53829288 8.38432312
v -19.30488777 13.36289501 8.43431187
v -18.92851448 14.59299374 8.38432217
v -19.07463646 13.12202168 7.4314971
v -17.02695847 15.43359089 9.17492962
v -18.65932846 15.53704453 8.23921585
v -18.95512581 15.9236269 7.06995964
v -19.09996986 15.75316906 7.1722064
v -18.07766342 13.49711514 4.72422743
v -17.01841164 15.76646423 5.57889128
v -16.03103256 15.53704453 6.7271595
v -15.9348774 15.36696529 8.18718338
v -15.31829262 13.5130558 11.462883
v -15.4258976 12.66280556 10.81933498
v -12.54778481 15.83780384 13.1857872
v -13.88697624 13.84246922 9.82451439
v -14.18166161 13.64086819 9.95526218
v -14.51438427 14.61882019 9.68945312
v -14.43825436 13.49625397 9.82283211
v -14.27642345 14.14378357 10.10582638
v -18.65562248 12.59600925 8.24796867
v -18.82454681 14.06284618 8.81454277
v -14.89404297 14.43586063 9.03605747
v -14.8106842 14.39185047 -1.20146775
v -15.00279903 14.25003719 8.84665012
v -15.45814323 14.31469059 6.48542023
v -15.32408047 13.52778244 6.14136791
v -15.62406635 13.93547726 6.63599682
v -17.43188858 16.07358932 5.80406046
v -18.02236938 15.59959221 5.14677
v -19.02457428 15.59959221 5.72333765
v -14.10142612 14.51691246 -1.19982922
v -14.30225468 13.82911968 11.78623486
v -15.1689291 13.87759876 12.28499031
v -14.88634682 14.56330109 12.12236977
v -14.5404768 13.82717419 11.36406994
v -14.50855923 14.25376034 11.36047363
v -14.26244354 12.51788616 14.97503567
v -11.77266884 13.56343555 13.54220772
v -12.19552708 13.25542927 14.5040226
v -18.46251297 13.4714613 1.81267858
v -16.72678375 13.06656265 5.6220293
v -18.82441139 13.64789486 2.02305174
v -16.2334671 14.51226616 11.60033417
v -16.33325386 15.30903149 10.91195107
v -16.94029045 15.24914455 9.77653885
v -19.22747231 14.79256248 6.46012163
v -21.49184608 14.61459255 3.55742216
v -19.91098022 14.99265575 6.01087952
v -19.07463646 15.00926495 7.43149948
v -14.64450073 14.29057693 11.07525253
v -14.59088898 13.75461578 11.52160263
v -15.30160046 14.24925613 11.93047523
v -14.91470909 13.57628059 11.70789719
v -15.63724232 13.0703907 8.01603794
v -16.59296608 12.19377327 6.59465122
v -16.99475479 12.14471149 5.9371562
v -16.42549896 12.46929169 6.05572939
v -17.37308884 13.54660225 21.69843292
v -19.42800713 13.00302219 7.63147402
v -20.57792473 13.13862896 6.39160442
v -20.24445343 13.06225014 6.20124197
v -19.15691757 13.16250324 8.10636711
v -19.61437988 13.13833427 8.07977295
v -21.32443619 14.48579025 3.46185589
v -19.30801964 14.45755291 5.94542742
v -21.17329597 14.06564045 3.37557888
v -15.84151745 15.47173595 13.24165058
v -15.7127285 15.29023743 14.30199909
v -14.58991528 15.18539143 15.25401974
v -14.86063385 15.47173595 14.94609928
v -17.37012291 12.2656374 8.16163826
v -14.88973808 15.30903149 10.08149624
v -14.31704521 14.49696922 10.07256794
v -14.68063831 13.43460178 9.43864059
v -15.32179546 13.14060593 8.84393883
v -17.14474678 13.5947752 10.54540825
v -17.71541405 16.13641548 7.66676283
v -18.05673027 16.01832199 7.86312151
v -14.08554173 14.58732796 9.50601101
v -14.36525154 14.46873665 9.95241261
v -15.41899967 13.87143135 11.88441753
v -15.17871189 13.5512104 11.71833038
v -16.03779221 14.7857523 12.61388779
v -18.26593208 14.61459446 1.698403
v -15.56614494 15.24914455 8.98599339
v -14.66842842 13.03524876 9.95561504
v -15.35804939 12.59286976 10.35091496
v -16.2532177 12.63582802 9.38126564
v -15.56614494 12.87654781 8.98599339
v -18.98626709 13.23976612 8.00777054
v -18.92017174 13.92673016 8.52545929
v -15.8903017 15.35631466 11.0865078
v -16.5544548 15.09001255 11.03983688
v -16.77429771 14.69799614 11.15189934
v -16.50784683 14.0619936 11.57111168
v -19.25255203 12.87361431 5.61091852
v -19.29541397 12.73745346 5.89339685
v -17.71133423 13.50050068 9.56799984
v -16.72657013 12.74445343 9.65358639
v -16.09998131 12.89897346 11.2071352
v -15.8649435 12.59286976 10.64253235
v -15.76948357 14.59299374 6.56589413
v -17.21367264 14.66352844 10.99251556
v -17.15730095 14.43852997 10.52252483
v -18.75317192 16.07358932 6.56419277
v -18.86964417 15.96305466 6.26692438
v -17.38838768 15.83205605 5.41208982
v -16.65906525 16.01832199 7.05904531
v -16.89314842 15.9236269 5.88370657
v -16.24200439 13.11043549 6.14134264
v -15.55696487 12.71782494 13.8369894
v -15.97173691 15.18539143 12.85287285
v -21.11585808 14.06564236 6.69868279
v -19.39941406 14.06564331 7.21968174
v -20.39753914 14.20269108 8.03404999
v -20.39753914 13.92859554 8.03404999
v -20.31853104 14.25274944 8.13982677
v -20.22584343 14.06564331 8.30238438
v -19.2492218 14.21103382 7.4827857
v -16.99570084 14.58347034 21.69810486
v -15.14604568 13.65789986 11.84098434
v -13.78894138 13.89705372 9.42296028
v -14.42007542 14.0317564 9.48366451
v -13.78894138 14.16645908 9.42296028
v -14.41932583 14.16597366 9.15957928
v -13.76675606 14.0317564 9.09909153
v -17.70979691 14.45609283 4.98318815
v -13.12512779 16.22832489 13.41731834
v -13.64774036 16.22832489 12.50919151
v -14.32063389 15.8787508 11.90268993
v -14.0670948 15.18945694 11.45455074
v -13.51810265 13.44917583 11.1386137
v -14.99546814 14.54014492 11.75435638
v -14.83395004 14.54014492 11.66143608
v -14.52781773 14.24925613 11.48531818
v -14.8901577 14.52282429 11.37027931
v -17.48381424 12.16689014 5.60594273
v -15.61013889 14.78560352 6.70998859
v -16.42495918 15.6011591 8.46912575
v -14.2321434 14.0619936 10.26189995
v -14.31789303 13.62779427 10.07394123
v -18.63221931 12.21999741 5.84018755
v -18.89079666 12.16214943 6.42028618
v -18.66856384 12.21928978 7.36043644
v -18.85775757 12.21547604 6.43070173
v -15.8953495 14.96878338 6.22886944
v -15.407341 14.77537441 5.65614653
v -19.89717484 14.77537441 8.24120426
v -19.15691757 14.96878338 8.1063652
v -19.05872726 15.02085018 7.76257944
v -19.25973129 13.76456833 5.2901516
v -17.08826637 14.21963024 11.2047472
v -17.74358368 14.0317564 11.01909637
v -17.08838081 13.89705372 11.07159424
v -19.26784897 14.05699635 5.28004789
v -20.08613205 13.68153858 8.34907055
v -17.08815002 14.16597366 11.3380661
v -17.08826637 13.84388161 11.2047472
v -12.65734863 13.04066086 14.88454247
v -15.43409824 14.06564236 4.87058115
v -15.28365898 13.87853527 5.24079084
v -15.33552647 14.20269012 5.11938
v -16.51081467 13.92859554 5.62573767
v -15.18953514 14.06564236 5.40252113
v -16.44496346 14.2527504 5.73902035
v -15.05453587 13.56509495 11.46484756
v -17.42303467 13.47618484 10.99269772
v -16.51081467 14.20269108 5.62573767
v -16.38847733 13.9202528 5.83619022
v -20.25065231 13.9202528 8.23049641
v -19.21217346 14.06564331 7.5476861
v -19.30494308 13.87853622 7.38517475
v -13.79014492 13.89753819 9.15648651
v -14.5325985 14.5504818 11.91879272
v -19.33521271 14.06564236 5.76862478
v -15.21627331 14.06564236 6.24893284
v -15.04129505 14.0317564 8.77960777
v -14.92475891 13.56770706 12.14447498
v -15.54844952 14.57771301 14.9126215
v -15.93275928 14.56793785 14.4286232
v -14.41994286 14.16645908 9.42604923
v -14.41932583 13.89753819 9.15957928
v -18.11775589 12.21771431 5.54767609
v -16.52042961 13.12202072 5.96148634
v -18.60732079 16.12695312 6.8782177
v -14.96149349 12.76937675 10.55216408
v -16.66584587 14.99265575 4.13936996
v -17.19865417 14.57678509 10.6744585
v -15.46369457 12.63214874 12.25827026
v -18.15273094 13.17110634 4.7975316
v -16.51156425 12.19983959 6.96819973
v -18.70994759 12.26469326 6.00402069
v -18.91010475 14.21967506 8.50209522
v -16.44142723 15.65703678 6.0437417
v -14.77899361 14.56811714 11.48188782
v -17.21885681 14.60795593 10.37349987
v -15.53742504 13.36289501 6.26538706
v -13.24499607 16.1502037 14.01632214
v -13.1574831 15.83780289 12.12633419
v -17.30202866 12.19537735 5.74730921
v -17.93787575 12.26469326 5.55984926
v -14.27642345 13.91972923 10.10582638
v -16.54460526 12.25412655 6.97044659
v -16.74613571 12.2656374 7.80265856
v -18.19085693 12.25412655 7.91753531
v -14.72880173 14.57879829 9.32383633
v -15.63670731 14.06284523 11.64606667
v -14.60523605 14.06284523 11.0526638
v -16.06624985 14.8915205 6.32702971
v -16.78608131 12.21928978 6.27744579
v -17.98671722 13.1348381 0.85258746
v -18.85672569 12.90431976 1.45510972
v -18.86121178 12.60698318 1.30515993
v -18.87799835 12.77571011 0.19974773
v -19.27479935 12.97320747 0.56148523
v -19.10894775 13.65118408 0.43734705
v -15.88513947 14.74500179 -2.16077089
v -15.27487469 14.36659431 -2.58138728
v -15.19228172 13.91457272 -2.00470805
v -15.20069599 15.66734505 -1.63346696
v -16.019207 14.84898472 -1.63060915
v -15.71948814 14.61004543 -1.8032552
v -22.23959923 11.85409641 3.14553595
v -22.28458214 11.93536949 2.64859176
v -21.70614433 11.60428047 2.79612112
v -21.31879425 13.2659359 3.01575446
v -22.28415489 12.80642796 3.32195902
v -21.33998871 12.84127808 2.7256968
v -16.69829941 13.14865494 23.06963348
v -16.74457359 12.40188503 22.94034576
v -16.49249649 13.0085144 22.72493744
v -16.51148605 12.29227924 22.10920334
v -17.657938 12.38852215 22.19339371
v -16.53690529 12.51517773 22.25151634
v -22.45337105 14.29346466 3.03980732
v -22.6797123 13.78274822 2.87833095
v -22.65326691 13.36919689 3.22124577
v -21.11715126 13.82156372 3.33865404
v -21.37180138 14.57881641 3.48678827
v -22.17459488 13.60623741 3.94951701
v -13.07816219 12.01635456 13.40593052
v -13.35299969 13.04064941 13.6757946
v -13.61883736 12.3072443 13.71708012
v -12.95152569 13.47563648 11.97736835
v -14.07748222 11.22895813 12.62636566
v -15.0232029 12.6056633 13.16958618
v -17.70511436 12.55529308 0.76108503
v -18.82418442 12.43365574 1.28605175
v -17.69552612 12.00285625 0.68278962
v -18.11930466 11.71145439 0.74231416
v -18.15029716 12.21037579 0.27745757
v -12.95152569 13.47563839 11.97736931
v -15.0232029 12.60566425 13.16958618
v -13.37414169 11.09676075 12.22057724
v -13.77617931 11.96949005 11.19945335
v -14.6217308 13.04065132 11.47115993
v -14.17704391 13.20711422 11.32694817
v -16.63664055 13.88391972 22.78366089
v -16.48077202 14.00545025 21.69769096
v -17.53244591 13.45674133 21.69860077
v -16.66613388 14.47402477 21.69785118
v -18.05690575 13.33779907 0.6383059
v -17.73239326 12.24626064 0.5596804
v -18.41958237 14.55339241 1.24144506
v -17.92349052 14.22379112 1.50221753
v -18.19025421 13.48588371 0.46356118
v -15.72036171 15.80533409 -1.84685695
v -15.36623001 15.77285194 -1.89258897
v -15.60633564 15.50270271 -2.38827157
v -14.11642075 14.7005558 -1.7904433
v -13.87330341 14.35403347 -1.58095682
v -14.15997314 14.44630241 -2.28908014
v -21.21698952 11.630826 2.98752594
v -21.66532516 12.06146812 2.29086161
v -21.24418831 12.05679131 2.57050729
v -21.93754578 11.87996292 3.81032014
v -21.01795769 12.19465256 2.89990783
v -22.17027283 12.05425835 3.42839622
v -14.45075226 13.4565649 -1.62978995
v -14.80064487 13.80574894 -2.28684402
v -14.15278149 13.45817661 -1.19333053
v -14.47681618 14.7512722 -1.2082268
v -15.10178375 14.12642002 -1.2060461
v -17.0895195 12.11158943 22.90508652
v -17.48045349 13.14865494 23.07031059
v -17.55160522 12.18421459 22.66836739
v -17.68764114 12.13316536 21.69873619
v -19.24079895 13.93518734 1.78191996
v -19.41284943 13.70195103 0.99722892
v -19.28091812 13.47898674 1.54980493
v -18.99103546 14.31792927 2.11455655
v -19.00357437 13.77035522 2.12312031
v -21.83987999 13.95376205 2.39317703
v -22.39233398 13.639678 2.32575154
v -21.95830345 14.39427471 2.75381827
v -21.43406677 12.44275188 2.33543086
v -22.40815735 14.31905365 3.53982472
v -22.25422478 13.88195419 3.99588871
v -22.00921249 13.32622528 3.85357976
v -17.54424858 14.38579464 22.13314438
v -17.75237656 13.74068546 22.28378296
v -17.54260635 13.88391972 22.78444672
v -17.68685532 13.0085144 22.72597504
v -17.24519157 11.69324398 22.04999924
v -17.60759354 11.88837433 21.69866753
v -17.09056664 11.64140511 21.69822121
v -16.5412178 12.24771023 22.52595901
v -13.92651463 11.73218536 13.49707222
v -13.74266434 11.41113663 13.1663456
v -12.90821743 11.71997547 11.95347309
v -14.18501949 14.6411438 -1.2052629
v -14.68668461 15.01970673 -1.6797508
v -15.27298832 14.25700855 -1.5578897
v -18.38647652 11.86251545 1.77379239
v -17.52865028 12.38871384 0.90156996
v -18.64434052 12.03090382 1.40560675
v -18.11876488 11.57337475 1.6208967
v -18.04281044 11.57668495 1.1365813
v -17.69857597 11.5821619 1.37976611
v -14.31372833 11.21048069 12.0276022
v -14.50862789 11.6619072 11.62096596
v -13.92719173 11.4279747 11.50125027
v -12.84580612 11.51931953 11.91550064
v -16.63613129 14.38579464 22.13235474
v -16.4277401 13.74068546 22.28263664
v -17.08980751 14.40635109 22.57188606
v -18.61051369 14.03878403 0.53599399
v -18.58211327 13.26400757 0.16328555
v -15.18711567 12.63877583 12.7023735
v -21.37535095 14.27412224 3.01069188
v -21.35006714 13.83933735 2.73879194
v -17.57458305 13.11310577 22.16612434
v -16.62051201 13.23929405 22.0472374
v -21.89794922 11.74901104 3.78726983
v -21.71833229 11.54168034 3.68319893
v -20.86490822 11.82820129 3.1903379
v -21.30397606 11.46620941 3.44363093
v -15.9513855 15.12489986 -2.30653048
v -14.72175884 14.91960812 -2.5833149
v -15.5287466 15.17359829 -2.59080887
v -15.09858894 15.53140831 -2.16351795
v -16.64868546 13.45674133 21.69783401
v -14.83258343 13.61970329 -1.19929433
v -16.2684803 15.32202339 -1.22538555
v -16.12558746 15.01363373 -1.88993597
v -15.40646362 15.87141132 -1.22529399
v -16.16814041 15.60291004 -1.22752523
v -16.22180939 15.05621433 -1.22245061
v -22.011343 14.58802986 3.85641599
v -12.80635262 13.34823227 12.93142128
v -12.57312584 12.30052376 12.7182188
v -12.60876369 12.87558174 12.34165764
v -13.00489044 13.20711231 13.3637619
v -15.30285358 15.79690838 -1.22389162
v -21.9330616 13.15527344 2.08702445
v -21.97840309 12.30833817 2.16385365
v -22.29935837 12.72248554 2.16339087
v -22.68720436 12.90990734 2.713485
v -12.70724869 12.41823006 11.83679008
v -13.50738621 11.24326611 12.55993938
v -13.85659885 11.20309925 12.49822426
v -13.43744183 11.29741764 12.25700569
v -19.06593895 14.40454006 1.06232452
v -18.79336929 14.42428493 0.93107319
v -19.26633453 14.22572613 1.20296597
v -18.82613754 12.27872658 0.35738182
v -18.8079319 11.96263885 0.79996645
v -20.84019089 12.10903931 3.15478039
v -16.76969337 11.9540472 22.56910133
v -16.79371834 11.70775414 21.69796181
v -16.57353783 11.88837433 21.69777298
v -13.55723381 11.36598969 11.56759167
v -12.64394951 12.21757412 11.80036068
v -13.3386631 12.09986782 11.24154663
v -13.03098774 12.6749258 11.46155357
v -17.8946476 13.60084629 1.48722494
v -17.98865509 13.38825893 1.10375047
v -18.67731476 13.2722702 1.93715405
v -14.969841 12.87418842 11.78319168
v -14.92622852 11.96546745 12.07618141
v -14.55792809 11.41382217 12.90182877
v -14.70936394 11.44441319 12.4701786
v -14.01507092 11.02830219 12.58839321
v -14.11230469 13.75871372 -2.06977701
v -13.76992035 14.01960945 -1.19643891
v -17.32892227 12.30649281 1.16584122
v -17.09056854 14.65677834 21.69822121
v -17.51499748 14.47402477 21.69858932
v -14.62953377 14.27419472 -2.59808826
v -14.9221468 14.56647587 -2.70847964
v -14.70159435 12.63877487 13.54604912
v -14.62122917 11.61447906 12.93825722
v -14.27124977 12.73306751 13.77444649
v -22.46512604 12.23279858 2.93105197
v -22.26029015 12.29787731 3.3020761
v -18.7960434 12.05617619 1.17065084
v -19.22558594 12.75423622 0.96558601
v -13.70348072 13.34823418 11.372509
v -17.63847733 12.24771023 22.52691269
v -14.86033249 15.23864269 -1.8053323
v -15.06025314 15.49026299 -1.77311099
v -18.44058228 14.69523811 1.79775345
v -17.08928299 12.81322765 23.17731857
v -17.08935738 13.67006397 23.09173203
v -18.49773979 12.41659355 0.16859633
v -18.50367546 12.05961704 0.32794365
v -18.68336296 11.84702873 1.10636008
v -16.49349213 12.13316536 21.69770432
v -12.96484661 11.56664562 12.74338627
v -13.09336281 11.62863064 13.09659004
v -17.3064003 12.17017746 1.1532582
v -13.67120647 11.04260921 12.12885094
v -17.70036125 14.00545025 21.69874763
v -21.53178215 13.04373741 2.28753018
v -17.87282944 13.93894005 1.47386134
v -15.57506561 14.38343334 -2.02585721
v -14.99169827 13.8346138 -1.2024461
v -22.04772758 14.62630653 3.27006578
v -22.5063858 12.73578453 3.11792421
v -15.97764015 15.62489033 -1.92753553
v -19.11610031 14.43064022 1.59970784
v -21.64731598 11.49288082 3.20058346
v -15.67227268 15.91812134 -1.22746265
v -21.16836929 12.37381554 2.74530983
v -16.5733223 12.83407307 22.28754234
v -17.60678673 12.83407307 22.2884388
v -13.94085503 13.59029579 -1.19327998
v -13.84587765 13.86265087 -1.66321838
v -17.08995819 11.76959229 22.399189
v -16.14731979 14.95259666 -1.22094703
v -14.94496727 11.87117481 12.56302071
v -21.18997002 13.49304581 3.38032198
v -18.6742897 14.6624155 1.93193972
v -22.15869713 14.41858101 3.94136167
v -16.59041214 12.98078156 22.24723053
v -17.76839256 11.69188976 0.97882676
v -17.37211418 11.88683128 1.19167221
v -13.06380177 11.53602314 12.0419817
v -18.32748795 11.74150944 1.74024582
v -21.56633377 14.49047375 3.05352139
v -15.47564125 14.41666222 -1.76080024
v -13.79329872 11.00244236 12.46179581
v -14.84594536 12.28466702 15.24574947
v -15.76789761 12.09880066 14.66751766
v -11.24543476 13.79665565 13.17371655
v -14.95796013 12.63974762 15.31021214
v -12.3594532 14.05701542 12.01877975
v -15.50884724 12.73446751 13.83120441
v -18.29226303 11.90620899 6.69696474
v -18.38970757 12.21151257 5.66756725
v -17.94225502 12.21158886 5.52423763
v -12.00081253 13.79665565 11.86112022
v -11.07886124 13.98252201 12.4393549
v -11.90274048 13.91095066 13.61696339
v -16.74468231 12.26644039 7.80546236
v -17.35789871 11.94765282 7.46108341
v -16.53920364 12.2163353 7.41849995
v -17.80624008 12.2163353 8.14742565
v -18.49141693 12.19316959 7.68682861
v -17.78556633 11.87453842 6.96861649
v -12.60228539 13.55587101 12.14228153
v -15.89337349 12.52163315 14.33539104
v -15.67659473 12.45388126 15.08527756
v -17.54879189 11.90620804 6.26924706
v -17.285532 12.14066792 5.71825457
v -16.75391579 12.16590786 6.26249075
v -11.3941927 14.33760166 12.15051746
v -11.61831284 13.91477013 11.87516212
v -14.59931946 12.3793869 15.15255547
v -15.14984226 12.57569504 15.32960892
v -15.40747166 12.12508011 15.14906216
v -15.71449852 12.22061443 14.08931828
v -11.17741394 14.26984978 12.90040684
v -18.85468292 12.14208508 7.00820494
v -12.1128273 14.15173626 11.92558384
v -11.35744953 14.15173531 13.23817825
v -18.90091705 12.14066792 6.64758444
v -18.73853111 12.21158886 5.98233414
v -17.36682892 12.21324825 8.18925762
v -17.02440643 12.26623249 8.04076672
v -16.62325287 12.24852753 6.60252476
v -17.89934349 11.86887741 6.77527905
v -17.60445595 11.9685297 6.83810472
v -17.36843109 12.26644039 8.16430473
v -18.46938705 12.24852753 7.66460371
v -18.85811424 12.21525002 6.42985487
v -17.67383766 12.23557758 5.59009361
v -15.39683247 12.37938786 13.76674271
v -17.01925087 12.19825268 5.9593668
v -17.5873127 11.86987495 6.72429895
v -18.60580254 12.27129364 5.86520672
v -18.11022758 12.27129364 5.58010197
v -13.84784508 12.68707085 14.34859753
v -14.05744934 12.64738464 14.13998604
v -13.88043594 12.73209476 13.98096657
v -13.91928673 12.72939777 14.39782429
v -13.74096584 12.79860592 14.32646656
v -13.76787472 12.8488636 14.00287247
v -12.40631199 13.30580139 13.47497272
v -12.62916374 13.19627953 13.41309929
v -12.46526337 13.32441711 13.24035168
v -12.43030643 13.35320282 13.5490551
v -12.41673279 13.40581417 13.28284073
v -12.55633259 13.38127041 13.17545605
v -12.53817081 13.2294445 13.54465294
v -12.76632404 13.2068119 13.49587631
v -12.7234354 13.32456684 13.19742966
v -12.78983688 13.24692535 13.50972176
v -14.05361748 12.6980896 14.33685589
v -14.08052635 12.74834728 14.01325989
v -13.71557617 12.75160694 14.25259399
v -13.73212624 12.77248859 14.06707382
v -12.54829311 13.30295753 13.62080002
v -12.68208599 13.25776291 13.21864414
v -13.90220547 12.81755543 13.94190311
vn 0.86718 -0.48955 -0.09134
vn -0.75183 0.03732 0.65829
vn 0.29644 -0.93969 -0.17059
vn -0.98844 -0.12066 0.09176
vn -0.01664 0.99944 -0.02892
vn 0.37702 0.20741 -0.90268
vn -0.17691 -0.76718 0.61655
vn -0.43527 -0.5679 -0.69859
vn -0.29644 0.93969 0.17059
vn 0.29644 -0.93969 -0.1706
vn -0.70587 -0.53594 0.46316
vn 0.7883 0.49167 0.36992
vn 0.62661 -0.0002 -0.77934
vn -0.86476 0.36341 0.3466
vn 0.61234 -0.62257 -0.48729
vn 0.07467 -0.15527 0.98505
vn 0.70004 0.56486 0.4369
vn 0.76905 0.29932 -0.56478
vn 0.63051 -0.70657 -0.32128
vn 0.86597 0.49995 -0.01169
vn -0.69019 -0.72362 -0.00298
vn -0.55237 -0.40206 0.73023
vn 0.29644 -0.93969 -0.17059
vn 0.83369 0.35732 -0.42105
vn 0.44938 0.44165 -0.77654
vn -0.98865 -0.00094 0.15025
vn 0.06585 0.98605 -0.15284
vn -0.90853 -0.41767 0.01104
vn 0.76424 0.64492 0.00308
vn -0.86476 -0.36341 0.3466
vn -0.06207 -0 0.99807
vn 0.97143 -0.18136 -0.15306
vn 0.76843 -0.41959 0.48318
vn 0.03144 -0.41959 0.90717
vn 0.09209 0.9828 0.16007
vn -0.70153 -0.66349 0.26007
vn 0.93707 0.34572 -0.04879
vn 0.47352 -0.85785 0.19967
vn -0.48261 0.77442 -0.4091
vn -0.66945 0.05286 -0.74097
vn -0.26958 -0.76947 -0.57901
vn 0.41035 -0.37253 -0.83236
vn -0.09786 0.81077 0.57713
vn 0.45453 -0.89073 -0.00186
vn 0.32202 -0.928 -0.18738
vn -0.63177 0.00158 0.77516
vn 0.29644 -0.93969 -0.17059
vn -0.95213 -0.30474 0.02413
vn 0.70438 0.64687 -0.29225
vn 0.21109 0.97618 -0.05011
vn -0.48203 -0.81589 0.31933
vn -0.9886 -0.00114 0.15055
vn -0.47634 0.17698 -0.86126
vn -0.98883 0.00154 0.14907
vn -0.54763 0.82282 0.15191
vn 0.72857 -0.3796 -0.57017
vn -0.76599 0.64275 0.01141
vn 0.86595 -0.49995 0.01337
vn -0.91082 0.41275 0.00632
vn -0.59848 0.1054 -0.79418
vn 0.27155 -0.91402 -0.30138
vn -0.85873 0.3796 0.34422
vn -0.62901 -0.02413 -0.77702
vn 0.02057 0.42072 -0.90696
vn 0.24831 0.7148 0.65376
vn -0.20982 0.18278 0.9605
vn 0.7655 -0.42052 0.487
vn 0.10964 0.46248 0.87983
vn 0.02365 0.99104 -0.13147
vn -0.24992 0.95953 0.12975
vn 0.86444 0.00439 -0.50271
vn 0.41761 -0.90857 0.01045
vn -0.14486 0.53761 0.83066
vn -0.04819 0.99166 -0.11953
vn 0.24255 -0.25359 0.93641
vn 0.98844 1E-05 -0.15161
vn -0.51891 0.71893 0.46246
vn -0.57695 0.72075 0.38425
vn 0.62703 0.00071 -0.779
vn 0.81821 0.57477 0.01307
vn 0.20215 -0.91415 0.35138
vn 0.51509 -0.55778 0.65081
vn -0.20696 0.96598 -0.1551
vn 0.86373 0.38247 -0.32815
vn 0.56209 -0.32966 0.75854
vn -0.86817 9E-05 0.49627
vn -0.26259 -0.74955 0.60763
vn -0.60888 0.22088 0.76189
vn -0.8589 0.51206 -0.00919
vn -0.86634 -0.00204 0.49945
vn 0.8449 0.19921 0.49645
vn 0.53668 -0.46185 0.70617
vn -0.12668 0.85506 -0.50281
vn -0.63259 0.4253 -0.64726
vn -0.17358 -0.98466 -0.01757
vn -0.17359 0.98469 -0.0158
vn -0.49879 0 -0.86673
vn -0.42333 0.02404 -0.90566
vn 0.29644 -0.93969 -0.1706
vn 0.73754 0.15617 0.657
vn -0.50256 -0 -0.86454
vn -0.39694 -0.91402 0.08371
vn 0.00907 0.43455 0.9006
vn -0.35854 0.92249 0.14303
vn 0.50655 0.74114 -0.4406
vn 0.98803 -0.00596 -0.15413
vn 0.75021 0.37135 0.54707
vn 0.49867 0 0.86679
vn 0.62192 -0.76718 0.15698
vn 0.51851 -0.81586 -0.25598
vn 0.00086 -0 1
vn -0.86593 -0.49995 0.01445
vn -0.1868 -0.98018 0.06604
vn 0.03283 -0.95297 0.30129
vn -0.49576 0 -0.86846
vn 0.72068 0.37852 -0.58082
vn -0.88121 0.4364 0.18173
vn -0.48046 0.39031 0.78538
vn 0.09392 -0.93827 0.33292
vn 0.75472 0.53641 -0.37771
vn 0.71903 -0.31683 -0.61856
vn -0.45203 -0.47888 -0.75256
vn 0.86499 -0.00331 -0.50179
vn 0.19536 0.92006 0.33958
vn -0.27275 0.78078 0.56213
vn 0.0704 0.9975 -0.00667
vn 0.2289 0.89564 0.38136
vn -0.61531 -0.05381 -0.78645
vn -0.83759 -0.1471 -0.52613
vn 0.5266 0.69866 -0.48432
vn -0.50256 0 -0.86454
vn 0.20205 0.95229 -0.22872
vn 0.72916 0.56009 -0.39323
vn 0.68403 -0.56937 -0.45598
vn 0.20205 -0.95229 -0.22872
vn 0.98844 -0 -0.1516
vn 0.21628 -0.39093 0.89465
vn -0.28631 0.58046 0.76229
vn -0.85886 -0.02253 0.51171
vn -0.73732 -0.66062 0.14123
vn -0.6863 -0.60898 -0.39767
vn -0.60489 -0.76153 0.23276
vn -0.04479 -0.88592 0.46166
vn 0.59777 0.48391 0.63914
vn -0.63137 -0.00731 0.77544
vn 0.21347 0.97681 0.01655
vn -0.39242 0.45534 -0.79917
vn -0.7948 0.58992 -0.14245
vn -0.27547 0.83356 -0.47884
vn -0.04192 0.69209 -0.72059
vn 0.53949 0.82386 -0.17382
vn 0.13461 -0.98001 0.14653
vn -0.62545 0.02964 0.7797
vn 0.49924 0.30474 -0.81111
vn 0.49524 0.01112 0.86868
vn -0.91191 0.39618 0.10704
vn -0.57997 0.73648 -0.34818
vn 0.07467 -0.15527 0.98505
vn -0.4988 3E-05 -0.86672
vn -0.85318 0.39557 0.33999
vn 0.63218 0 0.77482
vn -0.60359 0.33112 0.72528
vn -0.39037 -0.70637 -0.59046
vn 0.00087 -0 1
vn 0.49998 0.86598 0.0099
vn 0.25735 -0.45256 0.85379
vn -0.56269 -0.26644 0.78255
vn 0.75429 -0 0.65654
vn -0.09574 0 -0.99541
vn -0.15406 -0.916 0.37043
vn 0.98461 0.1747 -0.00522
vn -0.63666 0.00514 0.77112
vn -0.90337 0.21533 0.37089
vn 0.3812 0.89809 -0.21937
vn -0.00457 0.50028 -0.86585
vn -0.49576 0 -0.86846
vn -0.06285 0.99193 -0.11011
vn 0.51562 0.8453 -0.14001
vn 0.74634 0.50028 0.43898
vn -0.12153 0.1559 -0.98027
vn 0.29644 -0.93969 -0.1706
vn -0.43419 0.79307 0.42721
vn 0.62725 0.76084 -0.16635
vn -0.19404 0.18835 -0.96274
vn -0.6522 0.0936 -0.75225
vn 0.27776 -0.75573 -0.59307
vn 0.96532 0.21184 -0.15261
vn 0.62615 -0.00013 -0.7797
vn 0.1425 0.92881 0.34205
vn 0.62394 0.77988 0.04976
vn 0.73365 -0.36341 -0.57419
vn -0.04039 -0.99301 -0.11086
vn 0.91716 -0.00661 0.39846
vn 0.86599 -0.00163 -0.50006
vn -0.62729 -0.69619 -0.34904
vn 0.54574 -0.83101 -0.10764
vn 0.42536 0.9032 0.05743
vn 0.64327 0.668 -0.37413
vn -0.18712 0.9322 0.30983
vn 0.70157 0.64712 0.29839
vn -0.44885 -0.10636 -0.88726
vn 0.62671 0.00095 -0.77925
vn -0.95268 -0.2827 -0.11171
vn -0.15889 0.91664 -0.36677
vn -0.93924 0.33733 -0.06359
vn 0.15906 0.91662 0.36675
vn -0.94143 -0.2249 -0.25125
vn -0.50611 0.08229 -0.85854
vn -0.33518 -0.63579 0.69529
vn -0.51219 -0 0.85887
vn 0.86279 0.00197 -0.50556
vn 1 0 0.00289
vn -0.61342 -0.1859 0.76757
vn -0.70637 -0.55153 0.44368
vn 0.86597 -0.49995 -0.01169
vn 0.00232 0 -1
vn -0.15076 -0.37714 0.9138
vn -0.00748 0.38244 -0.92395
vn 0.46489 0.03436 0.8847
vn 0.01978 0.61883 0.78527
vn 0.61924 0.7791 -0.0977
vn 0.57058 -0.70464 -0.4218
vn -0.51486 -0.48955 0.70375
vn -0.98853 -0.0023 0.15103
vn 0.78513 -0.19382 -0.58822
vn 0.29127 0.37606 0.87962
vn 0.95602 0.2796 -0.08855
vn -0.22472 -0.91748 -0.32822
vn 0.46626 -0.88393 -0.0357
vn -0.5902 -0.80537 0.05512
vn -0.50146 -0.70655 -0.49932
vn -0.07251 -0.99737 0.00194
vn 0.39568 -0 0.91839
vn -0.28916 -0.31346 -0.90451
vn -0.40476 -0.91285 0.05366
vn -0.49576 -0 -0.86846
vn 0.88612 0.15135 0.43805
vn -0.4988 4E-05 -0.86672
vn -0.98877 0.00477 0.14938
vn -0.78539 0.61638 -0.05692
vn -0.45751 0.70147 -0.54646
vn 0.1928 -0.90128 0.38798
vn 0.97147 -0 0.23717
vn 0.90856 -0.41767 -0.00815
vn -0.93708 -0.32339 0.13152
vn 0.55826 -0.74911 -0.35663
vn 0.43075 0.6263 0.64978
vn 0.83653 0.35907 0.41388
vn 0.77457 0.21465 -0.59495
vn 0.9881 0.00082 -0.1538
vn 0.70672 -0.27225 0.65301
vn 0.94356 -0.32051 0.0835
vn -0.40829 -0.8549 0.32008
vn -0.01664 -0.99944 -0.02892
vn -0.99973 0 -0.0231
vn 0.00231 0 -1
vn -0.93131 -0 0.36422
vn -0.50256 -0 -0.86454
vn 0.79926 -0.46157 -0.38488
vn 0.59922 -0.77285 -0.20891
vn 0.5415 -0.76055 0.35824
vn -0.86623 -0.00407 0.49963
vn -0.49879 0 -0.86673
vn -0.86896 0.06915 0.49002
vn 0.62744 -0.00017 -0.77867
vn 0.4294 0.48542 -0.76156
vn -0.92822 -0.35226 0.11965
vn 0.49524 0.01112 0.86868
vn -0.21587 0.92842 0.30237
vn -0.59987 0.4364 0.67061
vn -0.80928 -0.29311 0.50907
vn -0.74289 0.32855 0.58324
vn 0.6122 0.52745 0.58908
vn -0.87146 -0.00669 0.49042
vn 1E-05 -1 0.00182
vn -0.00188 0.9239 -0.38263
vn -0.28874 -0.94315 0.16464
vn -0.59423 -0.70657 0.38425
vn 0.09396 -0.93827 0.33289
vn -0.62084 0.69934 0.35422
vn -0.37279 0.89569 0.24243
vn 0.98959 -0.11095 -0.09166
vn -0.31495 0.70637 -0.63391
vn -0.31644 -0.50333 -0.80406
vn -0.0212 -0.85621 -0.51619
vn -0.22484 -0.9744 -0.00112
vn -0.16735 -0.96605 0.19684
vn -0.72085 0.62532 0.29893
vn -0.46044 0.47296 0.7512
vn -0.16523 0.98605 -0.0199
vn -0.42145 0.82386 0.379
vn 0.00087 -0 1
vn 0.17364 -0.9848 -0.00441
vn -0.3048 -0.81408 0.49435
vn 0.41974 -0.87379 -0.2456
vn 0.80272 -0.58075 0.13552
vn -0.12595 0.99104 -0.04451
vn 0.39059 0.89963 -0.19521
vn -0.54648 -0.09768 0.83176
vn 0.04913 0.99878 0.00568
vn -0.49999 0.86602 0.00441
vn -0.4841 0.83811 -0.25143
vn -0.92045 0.39031 0.02083
vn -0.9101 -0.18106 -0.37274
vn 0.6233 0.67225 -0.39947
vn 0.57338 -0.40517 -0.71209
vn 0.95122 0.3058 0.04073
vn 0.29644 -0.93969 -0.17059
vn 0.41978 -0.82791 -0.37194
vn 0.9895 0.02481 -0.14237
vn -0.56757 -0.28294 -0.77318
vn -0.47928 -0.18118 -0.85876
vn 0.95031 -0.14151 -0.27726
vn 0.49867 0 0.86679
vn 0.5932 -0.7966 -0.11633
vn 0.42488 0.86702 -0.26027
vn 0.07608 0.98241 0.17052
vn 0.66632 -0.72031 -0.19279
vn 0.55745 -0.72928 -0.39675
vn 0.18995 -0.92058 0.34126
vn -0.90852 -0.06995 -0.41194
vn 0.00021 -0.54918 -0.8357
vn -0.44753 -0.09685 -0.88901
vn 0.03769 0.69305 -0.71991
vn 0.3811 0.22591 -0.89651
vn 0.72337 0.62903 -0.28471
vn 0.35437 0.93391 0.04723
vn -0.8475 0.2793 -0.45137
vn -0.90826 -0.40744 -0.09513
vn -0.11656 -0.0066 0.99316
vn -0.85847 0.03741 0.5115
vn -0.9838 -0.17851 -0.01629
vn -0.86549 0.00121 0.50092
vn 0.49867 -0 0.86679
vn -0.43438 0.75477 0.49157
vn -0.42875 0.89903 -0.08899
vn -0.58821 -0.05329 -0.80695
vn 0.40146 -0.68972 0.60259
vn 0.57173 -0.68334 0.45406
vn 0.0157 0.11141 0.99365
vn 0.988 -0 -0.15444
vn 0.90471 -0.07897 -0.41864
vn 0.87117 0.01117 -0.49085
vn 0.91015 -0.41425 -0.00487
vn 0.20881 0.97796 0.00084
vn -0.85322 0.00877 0.52148
vn -0.86586 -0.01961 0.49991
vn -0.53234 -0.82791 0.17654
vn -0.62567 -0.00559 0.78007
vn -0.38218 0.64237 -0.66431
vn 0.11811 0.58972 -0.79892
vn -0.82249 -0.12774 -0.55424
vn 0.29644 -0.93969 -0.1706
vn -0.02589 0.96413 -0.26417
vn 0.87177 -0.0106 -0.4898
vn 0.05695 0.97323 -0.22266
vn 0.37753 0.75067 -0.54219
vn -0.23391 0.90799 0.34762
vn -0.00073 0.92927 0.3694
vn -0.62664 0.00107 0.77931
vn 0.50818 0.6631 0.54959
vn 0.79636 0.45516 -0.3983
vn 0.54733 0.81613 -0.18538
vn -0.64571 -0.68545 0.33648
vn -0.21889 0.18194 -0.95864
vn 0.86597 0.49995 -0.01169
vn 0.00231 -1E-05 -1
vn -0.37032 0.59659 0.712
vn -0.62714 0.27788 0.72765
vn -0.7612 0.53264 0.36996
vn -0.86941 0.02809 0.49329
vn 0.25673 -0.89533 0.36396
vn 0.74571 -0.66504 -0.04049
vn 0.88735 -0.03518 0.45976
vn 0.91113 -0.00154 -0.41212
vn -0.07399 0.98229 -0.17213
vn 0.08709 0.81225 -0.57677
vn -0.21489 -0 -0.97664
vn -0.99998 -0 0.00619
vn 0.09209 -0.9828 0.16007
vn 0.46737 -0.86982 -0.15806
vn -0.00113 0.95512 0.29623
vn 0.54244 0.81225 0.21448
vn 0.8357 -0.42489 -0.34796
vn 0.86918 -0.00598 -0.49447
vn 0.8561 -0.51666 0.01262
vn 0.86562 0 -0.5007
vn 0.60613 0.0956 0.7896
vn 0.29644 -0.93969 -0.1706
vn 0.6527 -0.75325 0.08119
vn 0.85113 -0.52092 -0.06493
vn -0.86846 0 0.49576
vn 0.38191 0.71296 0.58807
vn 0.43679 -0.89805 0.05225
vn 0.69399 -0.6665 -0.27231
vn -0.29929 0.95229 0.0597
vn -0.10906 0.98404 0.1406
vn -0.42537 -0.27347 0.86272
vn -0.55071 0.39618 0.73468
vn 0.69092 -0.01531 0.72277
vn -0.38983 -0.08821 0.91665
vn -0.06905 -0.99753 -0.01261
vn -0.20735 -0.94189 0.26428
vn -0.4667 -0.52752 0.70987
vn -0.48397 -0.52092 0.70315
vn 0.93628 0.29449 0.19148
vn 0.9286 0.24184 0.28145
vn -0.5659 0.79847 0.20541
vn -0.58613 0.73095 -0.34953
vn -0.85873 -0.3796 0.34422
vn -0.49576 0 -0.86846
vn 0.24947 -0.91285 -0.32322
vn -0.50256 -0 -0.86454
vn 0.72103 -0.38344 -0.57713
vn -0.49576 0 -0.86846
vn -0.73448 -0.46157 0.49748
vn -0.4823 -0.77243 0.41321
vn -0.85318 -0.39557 0.33999
vn -0.77991 -0.25318 0.5724
vn -0.84665 -0.29299 0.44422
vn -0.88245 -0.33781 0.32735
vn 0.09852 0.97162 -0.21507
vn -0.50257 -0 -0.86454
vn -0.34816 -0.92337 0.16181
vn -0.20692 -0.97789 0.03039
vn -0.4383 0.86702 0.23698
vn -0.69757 0.68593 0.20713
vn -0.37044 0.07017 -0.9262
vn 0.29644 -0.93969 -0.1706
vn -0.66893 -0.69048 -0.27528
vn -0.98892 -0.0027 0.14842
vn 0.65534 0.51867 -0.54911
vn 0.38011 0.8453 -0.37548
vn -0.30558 0.82727 0.47143
vn -0.11751 0.67359 0.72971
vn -0.56155 -0.56763 0.60205
vn -0.19509 -0.89396 0.40345
vn -0.05522 0.89514 0.44235
vn -0.20397 0.95411 0.21926
vn 0.30538 -0.80731 -0.50497
vn -0.23121 -0.85235 0.46908
vn 0.41821 0.88758 0.19315
vn 0.29208 0.95411 -0.06612
vn -0.98881 0.00095 0.14918
vn -0.88968 0.00039 -0.45659
vn 0.17491 -0.81552 0.55166
vn -0.15067 -0.50883 0.84758
vn 0.76028 0.32931 -0.55994
vn 0.90677 0.15997 -0.39011
vn -0.83509 -0.51613 0.19036
vn -0.35499 -0.93201 -0.07308
vn -0.22111 0.97323 -0.06269
vn -0.30067 0.81676 -0.49244
vn 0.49606 0.41472 -0.76284
vn 0.11527 -0.93201 -0.34362
vn 0.40073 0.59518 0.69655
vn -0.03074 0.9981 -0.05344
vn 0.04497 0.9989 0.01346
vn 0.86454 0 -0.50256
vn 0.08569 -0.07057 -0.99382
vn 0.2116 -0.90551 0.36781
vn -0.32374 -0.23464 0.91659
vn -0.22321 -0.24184 0.94429
vn 0.41475 0.05817 0.90808
vn 0.36227 0.17891 0.91474
vn 0.42162 0.88592 0.19334
vn 0.30388 0.92249 -0.23805
vn -0.23012 -0.89564 -0.38063
vn 0.8699 0.00669 -0.49319
vn 0.00087 0 1
vn -0.17364 0.9848 0.00318
vn -0.93608 -0 0.35178
vn -0.67548 0.42814 0.60035
vn 0.00087 -0 1
vn -0.342 -0.93967 0.00778
vn 0.30136 0.14406 0.94257
vn 0.01618 0.02861 0.99946
vn 0.86454 0 -0.50256
vn 0.1421 -0.93329 0.32982
vn 0.54939 0.81282 0.19364
vn 0.9438 0.32731 -0.04601
vn -0.33518 -0.63579 0.69529
vn 0.01434 -0.85032 0.52606
vn 0.84727 -0.05732 -0.52806
vn -0.76196 -0.04616 -0.64598
vn -0.60185 0.34557 0.71998
vn -0.24345 0.59223 0.76811
vn 0.11166 0.98229 0.15045
vn 0.12062 0.99027 -0.06941
vn -0.1565 0.98754 -0.01632
vn -0.86268 0.00159 0.50575
vn 0.4153 -0.31887 0.85197
vn 0.47972 0.47839 0.73554
vn -0.08473 0.16385 0.98284
vn -0.5158 -0.29814 0.80316
vn 0.23677 -0.87165 0.42916
vn -0.52714 -0.29466 0.79706
vn 0.00452 0.39252 0.91973
vn 0.98476 -0.17383 -0.00522
vn 0.47501 -0.86268 -0.17361
vn 0.92831 -0.1915 -0.31871
vn 0.79544 0.36874 -0.48094
vn 0.7264 0.33781 -0.59852
vn 0.32698 -0.5963 0.73315
vn 0.31971 -0.92927 0.18505
vn 0.21811 0.72921 0.6486
vn 0.59828 0.08844 0.79639
vn -0.07843 0.99166 -0.10227
vn 0.28272 0.94264 -0.17747
vn -0.4234 0.29003 -0.85826
vn -0.00384 0.00033 -0.99999
vn -0.9286 -0.24184 -0.28144
vn 0.29644 -0.93969 -0.17059
vn 0.89224 0.16384 0.42079
vn 0.95359 -0.29814 -0.04218
vn -0.95785 0.16886 -0.23239
vn -0.4841 0.83811 -0.25143
vn -0.63272 -0.77427 0.01324
vn 0.85403 -0.51556 -0.06953
vn 0.87038 -0.19488 -0.45218
vn 0.87391 -0.30374 -0.37951
vn 0.62688 -0.00298 -0.77911
vn 0.09651 -0.23945 -0.9661
vn 0.86911 0.48857 -0.07709
vn 0.97822 0.16441 -0.12667
vn -0.45121 0.72921 -0.51445
vn -0.41341 0.19387 -0.88966
vn -0.39558 0.07474 -0.91539
vn -0.59165 0.73535 0.33047
vn 0.8349 0.48238 0.26506
vn -0.95388 0.25365 -0.16052
vn -0.80635 -0.07797 -0.58628
vn -0.7042 0.41273 -0.57771
vn -0.69429 0.67387 -0.25269
vn -0.51696 0.70523 0.48518
vn -0.75169 0.65939 -0.01263
vn 0.00088 1E-05 1
vn 0.93964 0.342 0.01015
vn -0.06992 -0.02212 0.99731
vn -0.55177 0.28537 0.78365
vn -0.49879 -0 -0.86672
vn -0.04485 -0.99888 -0.01503
vn 0.50194 0.84849 0.16769
vn 0.40572 0.91247 -0.0527
vn 0.55148 0.08809 0.82952
vn 0.47028 0.28456 0.83538
vn 0.62391 -0.00012 -0.7815
vn 0.97594 -0.16218 -0.14574
vn -1 -0 0.00087
vn -0.00302 -0.92768 -0.37336
vn 0.48023 0.83147 -0.27935
vn 0.40726 0.8237 -0.39454
vn -0.48257 -0.83147 0.27529
vn -0.54561 -0.8237 0.15438
vn -0.48257 0.83147 0.27529
vn -0.54561 0.8237 0.15438
vn 0.48023 -0.83147 -0.27935
vn 0.40726 -0.8237 -0.39454
vn -0.55801 -0.78933 -0.25608
vn -0.35223 -0.70636 -0.61399
vn -0.97307 0.01179 0.23019
vn -0.61261 -0.18225 0.76909
vn 1 0 0.00231
vn -0.0045 -0.39325 -0.91942
vn -0.58372 -0.6665 0.46373
vn -0.09696 -0.97121 0.21761
vn -0.44808 -0.43885 -0.77887
vn -0.80402 -0.46181 -0.37456
vn -0.50903 0.48348 0.71213
vn -0.71054 0.57233 0.40936
vn -0.88246 -0.33781 0.32735
vn 0.29644 -0.93969 -0.1706
vn 0.54904 0.65574 0.51823
vn 0.64279 0.76602 -0.00599
vn -0.33064 0.27086 -0.90405
vn -0.32039 0.54772 -0.77289
vn 0.06283 -0.99203 0.10921
vn -0.0717 -0.96307 0.25953
vn -0.03747 -0.9992 -0.01379
vn -0.37639 0.17586 -0.90962
vn 0.86644 0.49789 0.03724
vn 0.97537 0.21386 0.05394
vn -0.07992 0.91554 0.3942
vn -0.62699 4E-05 0.77903
vn 0.92796 0.00894 -0.37257
vn 0.87038 0.19488 -0.45218
vn 0.085 -0.99234 -0.08962
vn 0.31001 -0.95057 -0.01785
vn 0.22321 0.24185 -0.94429
vn -0.07467 0.15527 -0.98505
vn 0.85702 -0.51406 0.03539
vn 0.97503 -0.2156 0.05322
vn -0.40394 -0.49793 0.7674
vn -0.44411 -0.21559 0.86965
vn -0.3948 -0.8166 0.42107
vn -0.53101 -0.3771 0.75883
vn 0.20892 -0.33792 0.91769
vn 0.99906 -0.03202 0.02908
vn 0.33615 0.61141 0.71637
vn 0.4698 0.82495 0.31423
vn 0.47464 -0.85578 -0.20582
vn 0.35437 -0.93391 0.04723
vn -0.22321 -0.24184 0.94429
vn 0.29644 -0.93969 -0.17059
vn 0.28796 -0.62141 0.72865
vn 0.09483 -0.51285 0.85322
vn 0.17727 0.98416 0.00321
vn 0.85997 -0.01823 -0.51002
vn 0.85364 -0.0126 -0.52071
vn -0.43986 -0.87612 0.19731
vn 0.88315 0.01068 -0.46898
vn 0.36689 -0.89357 -0.25872
vn -0.69473 -0 -0.71927
vn 0.86461 0 -0.50244
vn 0.61775 0.61136 -0.4946
vn 0.98812 -0.00147 -0.15368
vn -0.72751 0.62944 0.273
vn -0.62094 -0.04852 0.78235
vn -0.87572 0.06783 0.47803
vn -0.8795 -0.11824 0.46097
vn 0.81004 -0.54442 0.21781
vn -0.08571 0.03426 0.99573
vn -0.69935 0.53636 0.47247
vn 0.80252 0.56797 -0.18265
vn 0.44684 0.89396 0.03415
vn -0.48668 0.77566 -0.40187
vn 0.09914 0.81847 -0.56593
vn -0.15875 -0.91696 -0.36603
vn -1 0 0.00087
vn -0.92227 -0.14383 0.35878
vn -0.87753 0.32855 0.34928
vn 0.93252 0.35489 -0.0668
vn 0.58431 0.80556 0.09829
vn -0.18737 0.10817 0.97631
vn 0.01768 0.64504 0.76394
vn 0.62752 -0.00239 -0.77859
vn 0.50912 -0.72143 -0.46939
vn -0.08772 0.84369 -0.52962
vn 0.30044 0.82655 -0.47598
vn 0.9494 0.1886 -0.25114
vn 0.89866 0.1129 0.42388
vn 0.4154 0.29224 0.86142
vn 0.33151 0.47986 0.8123
vn 0.97106 -0.17817 -0.15907
vn 0.8588 -0.42129 -0.29149
vn 0.29644 -0.93969 -0.1706
vn 0.7264 0.33781 -0.59852
vn -0.7463 0.38334 -0.54414
vn -0.77179 0.07453 -0.6315
vn -0.50255 1E-05 -0.86455
vn 0.78513 0.19382 -0.58822
vn -0.0044 0.99934 -0.03606
vn 0.62309 0.67367 -0.3974
vn 0.63185 -0.65956 0.40711
vn 0.91543 -0.36284 0.17417
vn -0.72683 -0.23783 -0.64433
vn -0.51292 -0.54923 -0.65974
vn 0.97455 0.21748 -0.05444
vn 0.25423 0.96605 -0.04602
vn -0.57535 -0.12628 0.8081
vn -0.77333 -0.14585 0.617
vn -0.72237 0.62509 0.29571
vn -0.15083 0.93884 0.30957
vn -0.36768 0.63581 -0.67864
vn 0.24761 0.74918 -0.61434
vn 0.76901 -0.24437 -0.59068
vn 0.98771 0.01147 -0.15589
vn 0.22023 0.81542 0.53533
vn 0.53913 0.81847 0.19862
vn 0.03549 -0.82495 0.56409
vn -0.0763 -0.49226 0.8671
vn -0.77991 -0.25318 0.5724
vn -0.38848 -0.86269 0.32381
vn -0.65163 0.64505 -0.39911
vn -0.85001 0.36666 -0.3782
vn -0.68263 0.73075 -0.00426
vn -0.30515 0.92545 -0.22456
vn -0.98477 0.17365 0.00835
vn 0.00087 -0 1
vn -0.66103 -0.01987 0.75009
vn -0.90337 -0.21533 0.37089
vn 0.49457 0.01372 0.86903
vn 0.65742 -0.73868 0.14884
vn -0.42419 -0.3818 -0.82115
vn -0.09236 -0.44953 -0.88848
vn -0.86809 -0 0.49642
vn 0.25539 -0 0.96684
vn 0.20858 0.80556 -0.55459
vn 0.46018 0.48767 -0.7419
vn 0.66119 -0.74704 0.06895
vn -0.85437 -0.51863 -0.03274
vn 0.49866 0 0.8668
vn -0.03074 0.9981 -0.05344
vn 0.28023 -0.90951 -0.30701
vn -0.23548 -0.97162 -0.02266
vn -0.53446 0.44614 -0.71785
vn -0.7414 -0.1915 0.64316
vn -0.53194 -0.45448 -0.71448
vn -0.86846 -0 0.49576
vn -0.2343 -0.95559 0.17877
vn 0.49867 0 0.86679
vn -0.17392 0.89805 0.40406
vn 0.10597 0.68334 0.72237
vn 0.3811 -0.91554 0.12862
vn 0.98845 -1E-05 -0.15157
vn -0.82781 0.19488 0.52608
vn 0.16104 -0.93317 0.32134
vn -0.98572 -0.161 0.04934
vn -0.97044 -0.03604 -0.23862
vn 0.41942 0.82545 -0.37779
vn -0.49576 0 -0.86846
vn 0.40146 0.68972 0.60259
vn -0.14247 0.8719 0.4685
vn 0.62781 0.0038 -0.77836
vn 0.56037 0.61952 -0.54971
vn -0.76809 -0.56097 0.30879
vn -0.50256 1E-05 -0.86454
vn 0.19367 -0.97955 -0.05462
vn 0.18869 -0.97998 -0.06345
vn -0.9838 0.17851 -0.01629
vn -0.86596 -0.00088 0.50012
vn -0.54561 0.8237 0.15438
vn -0.49576 -1E-05 -0.86846
vn -0.64565 0.76359 -0.00854
vn -0.86664 -0.00262 0.49892
vn 0.98472 0.17407 -0.00521
vn 0.96604 -0.07778 0.24642
vn -0.91194 0.16912 0.37385
vn -0.74498 0.56125 0.36055
vn 0.52624 0.76713 -0.36686
vn 0.70759 0.66884 -0.22798
vn 0.79194 -0.5691 0.22127
vn 0.43842 -0.77669 0.45226
vn -0.2072 0.56879 0.79596
vn 0.17059 0.77669 0.60634
vn 0.81258 0.4911 0.31389
vn 0.90302 -0.25076 0.34883
vn -0.14942 0.97618 0.15729
vn 0.08835 0.98418 0.15357
vn -0.47965 -0.04359 -0.87638
vn -0.82993 -0.04226 -0.55627
vn -0.57999 -0.69076 -0.43181
vn -0.64276 -0.76602 0.00804
vn 0.0923 -0 0.99573
vn 1 -0 0.00231
vn 0.43457 0.88667 -0.15799
vn 0.29961 0.87768 -0.37405
vn -0.35502 0.88667 0.29626
vn -0.47396 0.87768 0.07098
vn -0.3253 0.69985 0.63591
vn -0.59098 0.75801 0.27598
vn 0.36524 -0.0535 0.92938
vn 0.29644 -0.93969 -0.1706
vn 0.59322 -0.36962 0.71517
vn -0.66622 0.02652 -0.74528
vn -0.66586 -0.63051 -0.39885
vn 0.29334 -0.29021 0.91089
vn -0.47494 -0.87432 -0.1
vn 0.47173 -0.51326 0.71697
vn 0.82208 -0.14621 0.55027
vn -0.0169 0.53669 -0.84361
vn -0.88115 0.26716 0.39014
vn 0.50038 -0.0011 0.8658
vn 0.44925 -0.11295 0.88624
vn -0.49863 -0.0005 -0.86682
vn 0.41855 0.0603 0.90619
vn 0.33558 -0.63092 -0.69952
vn 0.49879 -0 0.86672
vn -0.3079 -0.00172 -0.95142
vn 0.87257 0.11178 0.47553
vn -0.00087 0 -1
vn 0.95691 0.28745 -0.04118
vn 0.64344 0.53628 -0.54625
vn 0.01756 0.87433 -0.48502
vn 0.85696 0.42499 -0.29155
vn 0.43045 -0.61725 -0.65857
vn 0.06302 0.92188 0.38231
vn -0.41804 -0.87543 -0.24262
vn -0.00642 0.00991 0.99993
vn -0.47164 -0.30935 0.82575
vn 0.04065 0.88685 -0.46026
vn -0.97472 -0.02712 0.22178
vn 0.4977 0.00217 0.86735
vn -0.23301 0.57777 -0.78224
vn 0.5365 -0.23051 -0.81181
vn -0.90989 0.09973 0.40269
vn 0.49638 -0.735 0.46194
vn -0.89474 0.35265 0.27399
vn -0.81241 -0.17223 0.55707
vn -0.43038 -0.90088 -0.05642
vn 0.85425 -0.18206 0.48695
vn 0.28262 -0.60499 0.74439
vn -0.49863 -0.0005 -0.86682
vn 0.76303 0.62795 0.1532
vn -0.59799 0.55247 0.58067
vn -0.07673 0.88531 0.45863
vn 0.01867 -0.99982 -0.0039
vn -0.40335 -0.70241 -0.58645
vn 0.50026 -0.00035 0.86587
vn 0.95181 0.30666 -0.00345
vn -0.53063 0.67075 0.51819
vn -0.01052 0.25932 -0.96573
vn 0.54662 0.13446 -0.82651
vn -0.45184 -0.13291 -0.88214
vn -0.29644 0.93969 0.17059
vn 0.90117 0.26629 -0.34202
vn 0.80615 0.30578 -0.50658
vn -0.92722 0.12931 0.35149
vn 0.03319 -0.80674 -0.58997
vn -0.67004 -0.70184 0.24179
vn 0.50038 -0.0011 0.8658
vn -0.67105 -0.36469 -0.64552
vn 0.20742 0.63712 -0.74233
vn 0.92782 0.12931 0.34989
vn -0.00046 -0.84903 -0.52835
vn -0.48523 -0.8685 -0.10126
vn -0.60367 0.60559 0.51851
vn -0.91459 0.2541 -0.31458
vn -0.00642 0.00991 0.99993
vn -0.51286 0.45705 -0.72669
vn 0.50038 -0.0011 0.8658
vn 0.96716 0.17846 0.181
vn -0.29644 0.93969 0.17059
vn 0.07229 0.9873 -0.14146
vn 0.65712 -0.65594 0.3714
vn -0.10713 -0.08413 -0.99068
vn -0.99746 -0.00486 0.07106
vn 0.98698 -0.04074 -0.15562
vn 0.13805 -0.98 -0.14331
vn -0.39171 0.56133 -0.72902
vn -0.89447 0.38257 0.23143
vn -0.37424 -0.41306 0.83025
vn -0.84021 -0.45703 -0.29184
vn 0.62628 -0.52459 -0.57669
vn -0.00541 0.94679 0.3218
vn 0.62189 -0.75789 0.19712
vn -0.00087 -0 -1
vn 0.39035 -0.80743 -0.44236
vn 0.63044 -0.04074 -0.77517
vn 0.96953 -0.21416 -0.11895
vn 0.51568 -0.79668 0.31524
vn -0.95704 -0.12957 -0.25941
vn -0.5256 -0.84153 0.12476
vn 0.10198 -0.85492 -0.50864
vn -0.00642 0.00991 0.99993
vn 0.55036 -0.30895 -0.77566
vn 0.49769 0.00217 0.86735
vn -0.38223 0.88821 0.25493
vn -0.00087 0 -1
vn 0.58976 -0.208 -0.78033
vn -0.28604 -0.10111 -0.95287
vn -0.50363 -0.46974 0.72505
vn -0.29644 0.93969 0.17059
vn -0.93835 -0.22284 0.26428
vn 0.53415 -0.00798 0.84535
vn -0.83921 -0.13122 0.52774
vn -0.71213 -0.24492 0.65793
vn 0.31247 0.18898 -0.93094
vn -0.29644 0.93969 0.17059
vn -0.56677 -0.44001 -0.69654
vn -0.22606 -0.6978 -0.67969
vn -0.63979 -0.72401 0.25783
vn -0.99376 -0.11102 0.01111
vn 0.67934 0.65092 -0.33882
vn 0.06047 -0.07937 0.99501
vn -0.15111 0.95649 -0.24959
vn 0.60696 0.77528 -0.17476
vn -0.1838 0.09768 0.9781
vn -0.49197 -0.31478 0.81171
vn -0.09649 -0.01584 -0.99521
vn 0.1799 -0.66456 -0.72525
vn -0.34371 -0.85129 -0.39645
vn -0.3853 -0.92038 -0.06672
vn 0.78528 -0.57859 0.22039
vn -0.00031 0.9327 -0.36066
vn -0.56985 -0.58771 0.57435
vn 0.4977 0.00217 0.86735
vn 0.86272 -0.46713 -0.19366
vn 0.28262 -0.60498 0.74439
vn 0.78844 -0.17833 -0.5887
vn -0.15207 0.90531 0.3966
vn -0.15273 -0.86874 -0.47113
vn 0.49785 -0.00136 0.86726
vn -0.92287 -0.28235 -0.26189
vn -0.00087 0 -1
vn 0.92242 -0.28235 -0.26349
vn -0.00087 0 -1
vn 0.58187 0.45528 -0.67391
vn 0.43232 -0.06183 -0.8996
vn 0.98359 -0.07005 -0.16629
vn 0.4977 0.00216 0.86735
vn -0.77087 -0.62346 0.1306
vn -0.77311 -0.6268 0.09702
vn -0.7967 -0.58779 0.14061
vn -0.00642 0.00991 0.99993
vn 0.41639 0.64034 -0.64543
vn 0.05017 0.99682 0.06196
vn -0.33265 -0.38662 -0.86016
vn 0.60089 -0.46713 -0.64863
vn -0.87312 -0.14795 0.46452
vn -0.82717 -0.25407 0.50123
vn -0.53501 -0.17795 -0.82589
vn -0.63617 0.44458 -0.63059
vn 0.29634 0.91818 0.26293
vn 0.43921 0.29342 0.84912
vn -0.86735 0.12392 -0.48203
vn -0.70052 0.70664 -0.09971
vn 0.96157 -0.27413 0.01572
vn -0.50063 -0.00057 -0.86566
vn 0.62912 0.77238 -0.08741
vn 0.78221 0.62292 -0.01116
vn -0.5213 -0.85332 0.00957
vn 0.28577 -0.72195 -0.63018
vn -0.93364 0.18397 -0.30737
vn -0.53312 0.83868 -0.11133
vn 0.82589 0.28274 -0.48782
vn 0.43453 0.19641 0.87898
vn 0.98441 -0.01727 -0.17502
vn 0.89449 -0.34365 -0.28599
vn -0.99091 0.09305 0.09711
vn 0.0275 0.20553 -0.97827
vn 0.75693 0.60704 -0.24199
vn 0.55118 0.1398 -0.82259
vn 0.92276 -0.05757 -0.38106
vn 0.92867 -0.36995 -0.02672
vn 0.70794 -0.47386 0.52371
vn -0.38505 -0.76442 0.5171
vn -0.49897 -0.49163 0.71368
vn -0.66461 -0.06031 0.74475
vn -0.97637 -0.17286 -0.12972
vn 0.65712 -0.65594 0.3714
vn -0.98084 -0.19428 0.01418
vn -0.88788 -0.44107 -0.13087
vn -0.79169 0.11993 -0.59904
vn -0.34652 0.12934 -0.92908
vn -0.7244 -0.60704 -0.32671
vn -0.95431 -0.28438 -0.09181
vn 0.95084 -0.23617 -0.20031
vn 0.50038 -0.0011 0.86581
vn -0.41353 0.90673 -0.08264
vn 0.4977 0.00217 0.86735
vn -0.32215 -0.76249 0.5611
vn -0.49706 0.00093 -0.86772
vn -0.95464 -0.19227 -0.22736
vn -0.98471 -0.01727 -0.17332
vn -0.44531 -0.51416 0.73303
vn 0.50038 -0.0011 0.8658
vn 0.82198 0.01164 -0.5694
vn 0.84255 0.09119 -0.53084
vn -0.53497 -0.70045 -0.47242
vn -0.08413 -0.42469 -0.90142
vn 0.81139 -0.02926 0.58377
vn 0.81305 -0.38224 0.43914
vn 0.50038 -0.0011 0.8658
vn -0.13353 -0.98779 0.08023
vn 0.50923 0.82552 0.24331
vn 0.50652 0.77157 0.38485
vn -0.60664 0.78996 0.08921
vn -0.85366 0.20079 0.48057
vn -0.41342 -0.36541 -0.834
vn -0.71899 -0.27718 -0.63735
vn 0.97732 0.05788 -0.20368
vn -0.00084 -0.26505 -0.96423
vn 0.5099 -0.78793 -0.3452
vn -0.22952 -0.96002 0.16023
vn 0.38188 -0.68262 -0.62305
vn 0.49771 0.00216 0.86734
vn 0.46952 -0.27413 -0.83929
vn 0.49699 -0.00059 0.86775
vn -0.82373 -0.30865 -0.47561
vn -0.91021 -0.36274 -0.19983
vn 0.24524 -0.45809 0.85441
vn -0.37285 -0.36485 0.85315
vn 0.17144 0.96682 -0.18936
vn -0.00642 0.0099 0.99993
vn -0.84297 -0.31447 -0.43648
vn -0.7468 -0.66243 -0.05893
vn 0.34867 0.92747 0.13504
vn -0.00642 0.00991 0.99993
vn 0.97865 -0.19972 0.04846
vn 0.99493 0.06379 0.0778
vn 0.49569 0.17496 -0.85069
vn 0.70426 0.60569 -0.37035
vn -0.92873 -0.30376 0.21257
vn -0.00087 -1E-05 -1
vn 0.48866 0.26205 -0.83219
vn -0.09512 0.36604 -0.92573
vn 0.9383 -0.30678 0.15965
vn -0.00086 1E-05 -1
vn -0.21732 0.95933 0.18015
vn -0.95182 0.30666 -0.0018
vn 0.80986 0.18095 -0.55802
vn 0.59761 0.40009 -0.69483
vn 0.89522 0.35265 0.27244
vn 0.53154 0.67075 0.51727
vn 0.33061 -0.86874 0.36877
vn 0.52067 -0.85299 -0.03622
vn 0.95718 -0.18336 -0.224
vn 0.39156 -0.83671 0.38288
vn 0.67138 -0.01507 0.74096
vn -0.29644 0.93969 0.1706
vn -0.55166 0.33895 -0.76209
vn 0.31178 0.55022 -0.77463
vn -0.87174 0.11178 0.47705
vn -0.43774 0.29342 0.84988
vn -0.25425 -0.75534 0.604
vn -0.84869 -0.13483 0.51141
vn 0.4977 0.00217 0.86735
vn -0.78683 -0.48823 0.37754
vn 0.35126 0.40713 0.84312
vn -0.83033 -0.21861 0.5126
vn 0.39734 0.4096 -0.82119
vn -0.61933 0.32181 -0.71615
vn 0.82005 -0.14236 -0.5543
vn 0.50171 0.06506 0.86259
vn 0.79505 0.27074 -0.54276
vn 0.52279 0.42438 -0.73932
vn -0.4128 0.80189 -0.43193
vn 0.07931 0.9143 -0.3972
vn -0.82494 -0.40956 0.38953
vn 0.50049 0.00089 0.86574
vn -0.08147 0.11462 0.99006
vn -0.62198 -0.71343 0.32275
vn -0.78128 -0.61989 -0.07308
vn -0.77946 -0.62194 -0.07513
vn -0.88808 -0.00866 -0.45962
vn -0.61368 0.62596 -0.48122
vn -0.33493 0.61286 -0.7157
vn -0.778 0.42685 -0.461
vn 0.42748 -0.59104 0.68405
vn 0.20474 -0.35412 0.91251
vn 0.39068 0.90701 0.1572
vn -0.00087 -0 -1
vn -0.50018 0.00444 -0.86591
vn 0.74305 -0.66493 -0.0758
vn 0.92677 0.36659 0.08191
vn 0.96619 -0.19044 -0.1738
vn -0.92663 0.36659 0.08352
vn -0.96649 -0.19044 -0.17212
vn 0.87818 0.25654 -0.40371
vn 0.88445 0.46087 -0.07304
vn 0.97836 0.0861 -0.18816
vn 0.80274 0.53972 0.25358
vn -0.09717 -0.52592 -0.84497
vn 0.20517 -0.59252 -0.77899
vn -0.31329 -0.82392 0.47223
vn 0.05744 -0.95621 0.28699
vn -0.5134 -0.85814 -0.00536
vn -0.21928 -0.95621 -0.19385
vn 0.2726 0.55503 0.78589
vn -0.27124 0.55503 0.78636
vn 0.55946 -0.80797 -0.18491
vn 0.17042 -0.93678 -0.3056
vn -0.85767 -0.48702 0.16493
vn -0.37409 -0.90764 -0.19039
vn -0.67313 -0.41573 0.61161
vn -0.29644 0.93969 0.17059
vn -0.62485 -0.13481 -0.76902
vn -0.29644 0.93969 0.17059
vn 0.90765 0.35042 -0.23103
vn 0.15102 0.95314 -0.26215
vn -0.35032 -0.90499 -0.24138
vn 0.18453 -0.91849 -0.34976
vn 0.1855 0.09768 0.97778
vn 0.40196 -0.18033 0.89772
vn -0.544 0.83017 -0.12198
vn -0.3804 0.77084 -0.51099
vn 0.19266 0.81939 -0.53989
vn 0.67605 0.73677 0.01126
vn -0.28529 -0.69911 -0.65564
vn 0.3037 -0.10219 -0.94727
vn -0.91504 0.32506 -0.23881
vn -0.00643 0.00991 0.99993
vn -0.05332 -0.86051 -0.50663
vn 0.07084 -0.5006 -0.86278
vn 0.41125 -0.86051 0.30065
vn 0.82329 -0.42661 0.37443
vn -0.87207 -0.17503 0.45701
vn -0.78456 -0.57898 0.22194
vn 0.10029 0.01965 0.99476
vn -0.11352 -0.30146 0.9467
vn 0.24748 -0.03693 -0.96819
vn 0.94071 0.12791 -0.31416
vn 0.56203 -0.58006 0.58962
vn 0.97281 0.16673 -0.16073
vn 0.28934 -0.85365 -0.43309
vn 0.19327 -0.98 -0.04736
vn -0.8463 -0.18057 0.50117
vn -0.81441 0.02771 0.57962
vn 0.54576 -0.825 -0.14674
vn 0.81131 0.14029 -0.56754
vn -0.78785 -0.22291 -0.5741
vn -0.76132 -0.56172 -0.32382
vn 0.17727 -0.81541 0.55108
vn 0.38507 -0.8908 0.24123
vn 0.88966 0.10775 0.44372
vn -0.29644 0.93969 0.17059
vn -0.86556 -0.28049 0.41488
vn -0.85754 -0.51437 -0.0065
vn 0.0592 0.12125 -0.99086
vn 0.21734 -0.44964 -0.86636
vn -0.96593 0.21173 0.14885
vn -0.74086 0.41476 -0.5283
vn -0.89611 -0.33545 0.29061
vn -0.29644 0.93969 0.1706
vn -0.57911 -0.52961 0.61979
vn 0.5612 -0.74528 0.36001
vn 0.09588 0.69912 0.70854
vn 0.75401 0.31064 -0.57877
vn 0.35552 0.53041 0.76959
vn -0.86856 -0.06626 0.49114
vn -0.9811 0.02939 -0.19126
vn 0.02114 -0.40343 -0.91477
vn 0.20768 0.73315 0.64759
vn 0.78698 0.14275 -0.60024
vn -0.00087 1E-05 -1
vn 0.21231 -0.94898 0.23316
vn 0.0592 0.12125 -0.99086
vn -0.29644 0.93969 0.1706
vn -0.69333 -0.4836 0.53426
vn -0.96866 -0.19648 0.15199
vn 0.97932 -0.03948 -0.19844
vn -0.01734 -0.61306 -0.78984
vn 0.49379 -0.79194 -0.35917
vn -0.00642 0.00991 0.99993
vn 0.3806 0.59661 -0.70654
vn -0.16665 0.96534 -0.20086
vn -0.97135 0.22506 0.07632
vn -0.64051 0.76772 0.01863
vn 0.81084 0.18521 -0.55519
vn 0.4977 0.00217 0.86735
vn -0.76986 -0.27265 0.57705
vn -0.7811 -0.27275 0.56168
vn 0.58248 0.80846 -0.08429
vn -0.00641 0.0099 0.99993
vn -0.77158 -0.5275 0.35555
vn -0.42673 0.45309 0.78269
vn -0.86059 -0.49735 0.10962
vn -0.77631 -0.52534 0.34838
vn -0.86222 -0.32857 0.3855
vn 0.50038 -0.0011 0.8658
vn -0.82277 -0.50917 0.25257
vn -0.87989 -0.45905 -0.12278
vn -0.50298 -0.84922 -0.16074
vn 0.12445 -0.95182 -0.28026
vn 0.50038 -0.0011 0.86581
vn -0.66908 0.70288 0.24145
vn 0.54807 -0.77757 -0.30824
vn 0.22189 -0.92996 -0.29315
vn 0.41346 -0.33861 0.84522
vn 0.70345 0.69055 -0.16821
vn -0.72339 -0.31247 0.61569
vn 0.50039 -0.0011 0.8658
vn 0.98853 0.10011 0.1131
vn -0.00086 0.11216 -0.99369
vn -0.55456 -0.81333 0.17595
vn 0.4977 0.00217 0.86735
vn 0.4595 0.00025 0.88818
vn -0.79267 -0.23151 0.56398
vn 0.09784 0.28269 -0.95421
vn 0.48591 0.03382 -0.87335
vn 0.93209 -0.00749 -0.36214
vn 0.59609 0.28879 -0.74918
vn 0.4977 0.00217 0.86735
vn -0.23588 0.95551 -0.17711
vn -0.48153 -0.7868 0.3861
vn 0.14715 -0.97792 0.1484
vn -0.89076 -0.33222 0.31013
vn -0.00641 0.00992 0.99993
vn -0.80673 -0.58148 -0.10522
vn -0.00641 0.0099 0.99993
vn 0.52535 -0.85033 -0.03071
vn -0.50378 0.01049 -0.86377
vn 0.86313 0.28656 -0.41581
vn 0.86275 0.28037 -0.42077
vn -0.50074 0.01176 -0.86552
vn 0.05806 -0.95445 0.29268
vn -0.9473 0.17487 0.2684
vn -0.61327 0.72727 0.30819
vn 0.49676 0.01179 0.86781
vn -0.22389 -0.95445 -0.19725
vn 0.31246 0.02516 -0.9496
vn 0.04369 -0.40783 -0.91201
vn 0.43139 0.52592 -0.73301
vn 0.63826 0.64623 -0.41834
vn 0.58485 -0.62698 -0.51464
vn 0.78754 -0.25849 -0.55944
vn 0.7902 0.61233 -0.02513
vn -0.30662 0.27883 0.91008
vn -0.29743 -0.31672 -0.90068
vn -0.52228 -0.70398 -0.48129
vn 0.91785 0.19751 -0.34431
vn 0.4977 0.00217 0.86735
vn 0.29644 -0.93969 -0.17059
vn -0.29644 0.93969 0.1706
vn -0.08811 -0.95724 -0.27556
vn 0.29644 -0.93969 -0.17059
vn -0.29644 0.93969 0.1706
vn 0.31232 -0.90677 0.28325
vn -0.15128 -0.95009 0.27283
vn 0.29644 -0.93969 -0.1706
vn -0.95989 -0.072 0.27098
vn 0.29885 -0.92119 -0.2492
vn 0.71657 0.07199 -0.69379
vn 0.54106 -0.11772 0.83271
vn 0.45425 0.08897 0.88642
vn -0.06536 -0.33871 0.93862
vn -0.50948 0.03499 -0.85977
vn -0.90157 -0.39897 -0.16732
vn -0.29644 0.93969 0.1706
vn 0.80389 0.5665 -0.18121
vn -0.23126 -0.95304 0.19553
vn -0.41596 -0.02248 -0.9091
vn 0.1445 0.48506 -0.86246
vn 0.84268 0.17329 0.50976
vn -0.29644 0.93969 0.17059
vn 0.97591 -0.01456 0.21768
vn 0.29644 -0.93969 -0.1706
vn -0.34063 -0.92251 -0.18149
vn -0.29644 0.93969 0.1706
vn -0.38929 -0.14208 0.91009
vn 0.28309 -0.89991 0.33171
vn 0.31039 -0.95046 -0.01666
vn -0.17003 -0.94008 -0.29554
vn -0.29644 0.93969 0.1706
vn -0.79854 0.01735 -0.60169
vn 0.29644 -0.93969 -0.17059
vn -0.69676 -0.46421 0.54684
vn 0.01433 -0.92251 -0.3857
vn 0.31101 -0.95027 -0.01631
vn -0.25745 -0.96622 -0.0116
vn -0.22071 -0.92688 0.30362
vn 0.34891 -0.92002 -0.17839
vn -0.03319 -0.96007 0.27779
vn -0.11938 0.96622 0.22839
vn -0.35363 0.92773 0.11946
vn -0.9487 -0.19103 -0.25194
vn 0.25145 -0.23806 -0.93814
vn -0.68827 -0.08636 -0.7203
vn 0.29644 -0.93969 -0.17059
vn 0.65449 -0.43386 -0.6192
vn 0.36905 0.72554 -0.58086
vn 0.07654 -0.99377 0.08107
vn -0.22501 -0.91625 0.33144
vn 0.29644 -0.93969 -0.17059
vn -0.01736 0.17329 -0.98472
vn 0.11028 -0.74272 0.66046
vn -0.66076 0.51505 -0.54601
vn 0.53463 0.75082 -0.38787
vn 0.705 -0.70208 -0.10032
vn -0.23157 -0.93842 -0.2564
vn -0.50803 0.84944 -0.1427
vn 0.28086 -0.90009 0.33309
vn -0.29644 0.93969 0.17059
vn 0.14346 -0.13278 0.98071
vn -0.06987 -0.99014 -0.12145
vn -0.11299 -0.989 0.09546
vn -0.85762 0.44489 0.25801
vn -0.4987 0.48648 0.71739
vn -0.36255 -0.93061 0.05014
vn -0.72657 0.68111 0.09047
vn -0.50212 -0.0014 -0.8648
vn 0.29644 -0.93969 -0.1706
vn 0.56214 0.02728 0.82659
vn -0.29644 0.93969 0.1706
vn 0.30823 0.41161 0.85765
vn -0.08302 0.42118 0.90317
vn -0.3049 0.03281 -0.95182
vn 0.07858 0.79 -0.60805
vn 0.29644 -0.93969 -0.17059
vn 0.37028 -0.05157 0.92749
vn -0.00995 -0.99671 -0.08042
vn 0.42372 -0.90506 -0.0364
vn -0.29644 0.93969 0.1706
vn -0.37029 0.05157 -0.92748
vn -0.34167 0.72839 -0.59389
vn -0.66957 0.03281 -0.74202
vn 0.31972 -0.93665 -0.14306
vn -0.29644 0.93969 0.1706
vn 0.47469 -0.85995 -0.1875
vn -0.29644 0.93969 0.17059
vn 0.0519 -0.97628 0.21022
vn -0.29644 0.93969 0.17059
vn -0.066 -0.96597 0.25008
vn -0.29644 0.93969 0.1706
vn 0.34737 -0.92656 -0.14427
vn 0.90914 0.41634 -0.01094
vn -0.0753 -0.72238 0.68738
vn 0.94512 0.30799 0.10906
vn 0.24484 -0.53259 -0.81018
vn -0.76386 -0.56932 -0.30396
vn 0.44257 -0.25342 0.86018
vn 0.65356 -0.51651 0.55324
vn -0.98662 -0.15221 0.0584
vn -0.16021 -0.78604 -0.59706
vn -0.1778 -0.4462 -0.87709
vn 0.53509 -0.23465 -0.81155
vn -0.01863 -0.31307 -0.94955
vn -0.29644 0.93969 0.17059
vn 0.46036 -0.88253 -0.09594
vn 0.61658 -0.55718 0.55621
vn 0.6025 0.05635 -0.79613
vn 0.88332 -0.39447 -0.25325
vn -0.8592 -0.38884 -0.33253
vn -0.2821 -0.45659 0.84377
vn -0.0766 -0.80827 0.58381
vn -0.29644 0.93969 0.17059
vn -0.21746 -0.94611 -0.23996
vn 0.30684 -0.88029 -0.36184
vn 0.59323 -0.53833 0.59857
vn -0.29644 0.93969 0.1706
vn 0.33245 -0.93345 -0.13472
vn 0.86554 0.50041 -0.02089
vn 0.45418 -0.43906 -0.77521
vn -0.29644 0.93969 0.17059
f 1//1 2//1 3//1
f 4//2 5//2 6//2
f 7//3 8//3 9//3
f 10//4 11//4 12//4
f 13//5 14//5 15//5
f 16//6 17//6 18//6
f 19//7 20//7 21//7
f 22//8 23//8 24//8
f 25//9 26//9 27//9
f 28//10 29//10 30//10
f 31//11 32//11 33//11
f 34//12 35//12 36//12
f 3//13 37//13 38//13
f 39//14 40//14 41//14
f 42//15 43//15 44//15
f 45//16 46//16 47//16
f 48//17 49//17 50//17
f 51//18 52//18 53//18
f 54//19 55//19 56//19
f 57//20 58//20 59//20
f 60//21 61//21 62//21
f 7//22 63//22 64//22
f 7//23 64//23 8//23
f 65//24 66//24 8//24
f 67//25 68//25 69//25
f 70//26 71//26 72//26
f 73//27 74//27 75//27
f 76//28 77//28 78//28
f 79//29 80//29 81//29
f 82//30 83//30 84//30
f 85//31 86//31 87//31
f 88//32 1//32 89//32
f 90//33 91//33 92//33
f 93//34 94//34 95//34
f 96//35 14//35 13//35
f 97//36 98//36 99//36
f 100//37 101//37 52//37
f 102//38 103//38 104//38
f 27//39 105//39 106//39
f 107//40 108//40 109//40
f 23//41 22//41 110//41
f 37//42 110//42 38//42
f 111//43 112//43 57//43
f 113//44 114//44 115//44
f 54//45 116//45 117//45
f 118//46 119//46 120//46
f 121//47 28//47 122//47
f 123//48 28//48 11//48
f 124//49 125//49 126//49
f 127//50 74//50 73//50
f 128//51 129//51 130//51
f 70//52 72//52 131//52
f 132//53 133//53 134//53
f 135//54 136//54 70//54
f 137//55 138//55 139//55
f 140//56 141//56 142//56
f 143//57 144//57 145//57
f 146//58 147//58 148//58
f 144//59 149//59 145//59
f 150//60 151//60 152//60
f 153//61 154//61 43//61
f 40//62 155//62 41//62
f 156//63 157//63 158//63
f 68//64 159//64 69//64
f 160//65 161//65 162//65
f 163//66 164//66 165//66
f 90//67 166//67 91//67
f 167//68 168//68 169//68
f 170//69 138//69 171//69
f 172//70 170//70 171//70
f 173//71 81//71 174//71
f 175//72 176//72 177//72
f 178//73 86//73 179//73
f 180//74 181//74 182//74
f 183//75 87//75 184//75
f 185//76 186//76 44//76
f 6//77 187//77 4//77
f 188//78 189//78 190//78
f 3//79 191//79 192//79
f 193//80 194//80 126//80
f 21//81 103//81 102//81
f 195//82 95//82 196//82
f 26//83 105//83 27//83
f 65//84 197//84 66//84
f 198//85 111//85 199//85
f 200//86 201//86 202//86
f 19//87 203//87 20//87
f 5//88 4//88 204//88
f 205//89 206//89 207//89
f 205//90 207//90 201//90
f 100//91 208//91 101//91
f 209//92 210//92 120//92
f 75//93 211//93 212//93
f 134//94 133//94 213//94
f 60//95 62//95 114//95
f 200//96 214//96 206//96
f 215//97 216//97 217//97
f 29//98 218//98 219//98
f 220//99 221//99 222//99
f 49//100 222//100 50//100
f 140//101 223//101 139//101
f 224//102 225//102 223//102
f 169//103 168//103 226//103
f 227//104 13//104 228//104
f 229//105 230//105 231//105
f 232//106 185//106 229//106
f 35//107 233//107 36//107
f 234//108 235//108 236//108
f 102//109 104//109 237//109
f 238//110 239//110 240//110
f 143//111 145//111 241//111
f 76//112 78//112 241//112
f 242//113 243//113 244//113
f 245//114 246//114 242//114
f 43//115 83//115 40//115
f 247//116 248//116 249//116
f 250//117 12//117 251//117
f 252//118 253//118 164//118
f 21//119 20//119 254//119
f 255//120 256//120 125//120
f 88//121 257//121 258//121
f 259//122 151//122 150//122
f 81//123 176//123 150//123
f 187//124 127//124 260//124
f 187//125 261//125 188//125
f 200//126 262//126 214//126
f 263//127 262//127 200//127
f 157//128 264//128 265//128
f 266//129 264//129 157//129
f 51//130 53//130 267//130
f 140//131 139//131 138//131
f 14//132 268//132 15//132
f 255//133 125//133 124//133
f 257//134 269//134 258//134
f 270//135 271//135 272//135
f 185//136 183//136 273//136
f 274//137 85//137 87//137
f 275//138 276//138 226//138
f 277//139 5//139 278//139
f 129//140 72//140 130//140
f 279//141 23//141 280//141
f 33//142 281//142 282//142
f 283//143 284//143 196//143
f 100//144 285//144 208//144
f 118//145 172//145 119//145
f 143//146 173//146 286//146
f 287//147 174//147 152//147
f 288//148 190//148 189//148
f 289//149 212//149 213//149
f 290//150 16//150 18//150
f 291//151 193//151 292//151
f 293//152 116//152 54//152
f 120//153 119//153 98//153
f 30//154 68//154 67//154
f 122//155 8//155 294//155
f 250//156 10//156 12//156
f 250//157 106//157 295//157
f 46//158 165//158 47//158
f 9//159 220//159 7//159
f 41//160 155//160 296//160
f 297//161 298//161 299//161
f 86//162 300//162 301//162
f 301//163 300//163 302//163
f 146//164 143//164 241//164
f 303//165 80//165 79//165
f 195//166 93//166 95//166
f 304//167 235//167 93//167
f 112//168 111//168 198//168
f 305//169 306//169 307//169
f 307//170 308//170 309//170
f 307//171 309//171 59//171
f 172//172 310//172 119//172
f 310//173 139//173 119//173
f 311//174 65//174 312//174
f 69//175 159//175 313//175
f 247//176 43//176 40//176
f 180//177 230//177 181//177
f 311//178 197//178 65//178
f 161//179 49//179 48//179
f 314//180 29//180 219//180
f 30//181 29//181 315//181
f 316//182 167//182 169//182
f 317//183 318//183 319//183
f 314//184 219//184 159//184
f 107//185 109//185 106//185
f 320//186 110//186 37//186
f 126//187 88//187 89//187
f 321//188 3//188 192//188
f 187//189 322//189 127//189
f 194//190 193//190 291//190
f 141//191 55//191 142//191
f 116//192 223//192 117//192
f 323//193 90//193 92//193
f 125//194 256//194 324//194
f 72//195 325//195 326//195
f 327//196 130//196 328//196
f 329//197 330//197 170//197
f 330//198 52//198 51//198
f 331//199 332//199 180//199
f 333//200 332//200 185//200
f 191//201 334//201 132//201
f 192//202 191//202 17//202
f 77//203 151//203 78//203
f 149//204 335//204 336//204
f 144//205 336//205 149//205
f 77//206 337//206 336//206
f 71//207 279//207 280//207
f 132//208 338//208 133//208
f 246//209 87//209 339//209
f 87//210 86//210 301//210
f 81//211 177//211 176//211
f 81//212 146//212 148//212
f 5//213 204//213 281//213
f 32//214 281//214 33//214
f 59//215 115//215 114//215
f 59//216 114//216 206//216
f 335//217 336//217 337//217
f 340//218 341//218 149//218
f 342//219 160//219 46//219
f 160//220 162//220 252//220
f 318//221 233//221 319//221
f 234//222 166//222 90//222
f 281//223 131//223 203//223
f 131//224 72//224 129//224
f 140//225 343//225 141//225
f 344//226 345//226 346//226
f 52//227 101//227 347//227
f 348//228 345//228 347//228
f 236//229 166//229 234//229
f 304//230 93//230 349//230
f 350//231 151//231 259//231
f 175//232 350//232 176//232
f 345//233 351//233 346//233
f 347//234 352//234 348//234
f 243//235 83//235 154//235
f 43//236 154//236 83//236
f 50//237 222//237 221//237
f 221//238 220//238 9//238
f 190//239 135//239 70//239
f 289//240 135//240 190//240
f 353//241 354//241 355//241
f 298//242 297//242 302//242
f 307//243 198//243 305//243
f 59//244 356//244 115//244
f 357//245 219//245 215//245
f 217//246 108//246 107//246
f 319//247 96//247 168//247
f 35//248 319//248 233//248
f 248//249 358//249 249//249
f 185//250 358//250 248//250
f 359//251 210//251 209//251
f 101//252 209//252 56//252
f 282//253 19//253 21//253
f 284//254 271//254 270//254
f 206//255 62//255 360//255
f 114//256 62//256 206//256
f 139//257 97//257 119//257
f 223//258 97//258 139//258
f 3//259 2//259 240//259
f 2//260 238//260 240//260
f 199//261 113//261 115//261
f 61//262 60//262 201//262
f 215//263 361//263 216//263
f 219//264 218//264 215//264
f 192//265 17//265 16//265
f 192//266 16//266 290//266
f 11//267 28//267 121//267
f 122//268 294//268 121//268
f 162//269 26//269 25//269
f 253//270 251//270 362//270
f 363//271 64//271 63//271
f 251//272 363//272 362//272
f 263//273 111//273 57//273
f 200//274 202//274 263//274
f 364//275 308//275 307//275
f 306//276 356//276 365//276
f 246//277 243//277 242//277
f 339//278 84//278 246//278
f 21//279 254//279 103//279
f 331//280 39//280 41//280
f 331//281 180//281 182//281
f 347//282 101//282 56//282
f 352//283 347//283 344//283
f 110//284 366//284 23//284
f 320//285 366//285 110//285
f 224//286 223//286 116//286
f 293//287 367//287 116//287
f 228//288 6//288 276//288
f 226//289 276//289 277//289
f 368//290 73//290 75//290
f 188//291 261//291 189//291
f 146//292 241//292 147//292
f 175//293 177//293 147//293
f 203//294 128//294 20//294
f 270//295 272//295 269//295
f 92//296 369//296 269//296
f 170//297 370//297 138//297
f 170//298 330//298 370//298
f 87//299 301//299 339//299
f 353//300 355//300 299//300
f 143//301 286//301 144//301
f 144//302 286//302 371//302
f 250//303 295//303 10//303
f 266//304 372//304 123//304
f 216//305 361//305 264//305
f 217//306 216//306 108//306
f 48//307 9//307 66//307
f 9//308 8//308 66//308
f 153//309 43//309 42//309
f 44//310 186//310 42//310
f 279//311 71//311 334//311
f 373//312 24//312 334//312
f 318//313 234//313 90//313
f 318//314 317//314 234//314
f 374//315 238//315 2//315
f 232//316 229//316 231//316
f 332//317 333//317 180//317
f 272//318 237//318 258//318
f 269//319 272//319 258//319
f 375//320 325//320 366//320
f 375//321 325//321 326//321
f 110//322 22//322 38//322
f 191//323 373//323 334//323
f 68//324 314//324 159//324
f 30//325 315//325 68//325
f 194//326 124//326 126//326
f 15//327 268//327 322//327
f 144//328 151//328 336//328
f 336//329 151//329 77//329
f 93//330 278//330 94//330
f 5//331 31//331 278//331
f 360//332 62//332 61//332
f 360//333 61//333 201//333
f 234//334 317//334 235//334
f 235//335 316//335 169//335
f 361//336 215//336 158//336
f 158//337 157//337 265//337
f 184//338 245//338 183//338
f 183//339 245//339 273//339
f 85//340 179//340 86//340
f 185//341 376//341 183//341
f 126//342 125//342 88//342
f 125//343 324//343 88//343
f 356//344 305//344 115//344
f 306//345 305//345 356//345
f 5//346 281//346 32//346
f 5//347 32//347 31//347
f 224//348 98//348 225//348
f 120//349 98//349 367//349
f 212//350 134//350 213//350
f 290//351 18//351 212//351
f 266//352 157//352 372//352
f 372//353 157//353 156//353
f 286//354 173//354 371//354
f 173//355 174//355 287//355
f 75//356 74//356 211//356
f 292//357 192//357 290//357
f 275//358 13//358 227//358
f 275//359 96//359 13//359
f 118//360 285//360 172//360
f 285//361 100//361 329//361
f 377//362 193//362 321//362
f 193//363 377//363 292//363
f 357//364 378//364 219//364
f 219//365 378//365 159//365
f 214//366 57//366 59//366
f 59//367 206//367 214//367
f 187//368 188//368 4//368
f 4//369 70//369 204//369
f 276//370 6//370 277//370
f 277//371 379//371 5//371
f 380//372 293//372 54//372
f 56//373 209//373 54//373
f 36//374 233//374 323//374
f 256//375 323//375 324//375
f 26//376 312//376 105//376
f 312//377 69//377 105//377
f 341//378 77//378 149//378
f 149//379 77//379 76//379
f 196//380 284//380 270//380
f 369//381 270//381 269//381
f 162//382 381//382 26//382
f 381//383 48//383 311//383
f 324//384 269//384 257//384
f 88//385 324//385 257//385
f 148//386 147//386 177//386
f 81//387 148//387 177//387
f 222//388 160//388 342//388
f 220//389 222//389 342//389
f 237//390 374//390 2//390
f 1//391 237//391 2//391
f 302//392 297//392 355//392
f 299//393 355//393 297//393
f 245//394 242//394 273//394
f 42//395 186//395 153//395
f 13//396 15//396 228//396
f 15//397 322//397 187//397
f 7//398 164//398 63//398
f 253//399 362//399 164//399
f 359//400 208//400 210//400
f 210//401 118//401 120//401
f 113//402 60//402 114//402
f 201//403 60//403 113//403
f 282//404 281//404 19//404
f 281//405 203//405 19//405
f 48//406 50//406 9//406
f 50//407 221//407 9//407
f 251//408 27//408 250//408
f 250//409 27//409 106//409
f 155//410 83//410 82//410
f 40//411 83//411 155//411
f 117//412 223//412 142//412
f 140//413 142//413 223//413
f 249//414 44//414 43//414
f 249//415 43//415 247//415
f 131//416 129//416 203//416
f 203//417 129//417 128//417
f 296//418 155//418 82//418
f 299//419 82//419 353//419
f 363//420 11//420 64//420
f 11//421 121//421 294//421
f 370//422 267//422 138//422
f 140//423 138//423 267//423
f 33//424 282//424 284//424
f 284//425 282//425 271//425
f 172//426 171//426 137//426
f 171//427 138//427 137//427
f 29//428 156//428 218//428
f 372//429 156//429 29//429
f 72//430 280//430 23//430
f 71//431 280//431 72//431
f 65//432 67//432 382//432
f 65//433 382//433 312//433
f 253//434 162//434 25//434
f 162//435 253//435 252//435
f 283//436 31//436 33//436
f 283//437 33//437 284//437
f 187//438 260//438 261//438
f 261//439 260//439 368//439
f 239//440 320//440 37//440
f 383//441 384//441 320//441
f 322//442 291//442 127//442
f 127//443 291//443 74//443
f 70//444 136//444 71//444
f 136//445 338//445 71//445
f 199//446 201//446 113//446
f 199//447 385//447 201//447
f 52//448 343//448 53//448
f 52//449 347//449 345//449
f 386//450 238//450 374//450
f 387//451 386//451 104//451
f 368//452 75//452 288//452
f 289//453 75//453 212//453
f 20//454 128//454 388//454
f 254//455 20//455 388//455
f 319//456 168//456 167//456
f 317//457 319//457 167//457
f 352//458 344//458 346//458
f 351//459 352//459 346//459
f 320//460 366//460 384//460
f 375//461 366//461 384//461
f 165//462 164//462 7//462
f 47//463 165//463 7//463
f 376//464 85//464 274//464
f 376//465 179//465 85//465
f 96//466 34//466 14//466
f 14//467 255//467 268//467
f 350//468 259//468 176//468
f 150//469 176//469 259//469
f 80//470 303//470 143//470
f 143//471 303//471 173//471
f 41//472 299//472 298//472
f 331//473 41//473 300//473
f 147//474 241//474 175//474
f 241//475 350//475 175//475
f 160//476 163//476 46//476
f 46//477 163//477 165//477
f 348//478 352//478 351//478
f 348//479 351//479 345//479
f 329//480 100//480 330//480
f 330//481 100//481 52//481
f 184//482 87//482 246//482
f 184//483 246//483 245//483
f 108//484 216//484 264//484
f 109//485 108//485 264//485
f 86//486 331//486 300//486
f 178//487 331//487 86//487
f 381//488 311//488 26//488
f 311//489 312//489 26//489
f 200//490 206//490 389//490
f 200//491 389//491 201//491
f 111//492 385//492 199//492
f 111//493 263//493 202//493
f 93//494 390//494 278//494
f 235//495 390//495 93//495
f 120//496 293//496 380//496
f 120//497 367//497 293//497
f 309//498 365//498 356//498
f 309//499 356//499 59//499
f 56//500 55//500 141//500
f 347//501 56//501 344//501
f 65//502 8//502 67//502
f 67//503 8//503 30//503
f 91//504 195//504 196//504
f 196//505 270//505 369//505
f 160//506 49//506 161//506
f 222//507 49//507 160//507
f 180//508 231//508 230//508
f 232//509 231//509 180//509
f 18//510 17//510 132//510
f 191//511 132//511 17//511
f 123//512 372//512 28//512
f 28//513 372//513 29//513
f 391//514 90//514 323//514
f 318//515 90//515 391//515
f 144//516 152//516 151//516
f 144//517 371//517 152//517
f 130//518 72//518 326//518
f 328//519 130//519 326//519
f 343//520 344//520 141//520
f 344//521 56//521 141//521
f 3//522 38//522 191//522
f 38//523 373//523 191//523
f 193//524 126//524 321//524
f 321//525 126//525 89//525
f 313//526 159//526 106//526
f 159//527 107//527 106//527
f 218//528 156//528 158//528
f 215//529 218//529 158//529
f 57//530 112//530 58//530
f 112//243 198//243 307//243
f 295//531 266//531 10//531
f 109//532 264//532 266//532
f 213//533 133//533 135//533
f 289//534 213//534 135//534
f 253//535 25//535 251//535
f 27//536 251//536 25//536
f 146//537 80//537 143//537
f 80//538 146//538 81//538
f 169//539 226//539 278//539
f 226//540 277//540 278//540
f 215//541 217//541 357//541
f 217//542 378//542 357//542
f 322//543 194//543 291//543
f 268//544 194//544 322//544
f 208//545 118//545 210//545
f 208//546 285//546 118//546
f 89//547 3//547 321//547
f 89//548 1//548 3//548
f 335//549 337//549 340//549
f 149//550 335//550 340//550
f 330//551 51//551 370//551
f 370//552 51//552 267//552
f 246//553 84//553 243//553
f 84//554 83//554 243//554
f 331//555 182//555 39//555
f 39//556 182//556 40//556
f 54//557 117//557 55//557
f 117//558 142//558 55//558
f 72//559 23//559 325//559
f 325//560 23//560 366//560
f 70//561 131//561 204//561
f 281//562 204//562 131//562
f 364//563 306//563 308//563
f 307//564 306//564 364//564
f 367//565 98//565 224//565
f 367//566 224//566 116//566
f 103//567 254//567 387//567
f 387//568 104//568 103//568
f 4//569 188//569 70//569
f 190//570 70//570 188//570
f 11//571 294//571 64//571
f 64//572 294//572 8//572
f 263//573 57//573 262//573
f 57//574 214//574 262//574
f 18//575 132//575 134//575
f 18//576 134//576 212//576
f 271//577 21//577 102//577
f 282//578 21//578 271//578
f 217//579 107//579 378//579
f 159//580 378//580 107//580
f 34//581 36//581 256//581
f 36//582 323//582 256//582
f 392//583 170//583 172//583
f 285//584 392//584 172//584
f 345//585 344//585 343//585
f 52//586 345//586 343//586
f 242//587 244//587 153//587
f 242//588 153//588 186//588
f 68//589 315//589 314//589
f 315//590 29//590 314//590
f 324//591 92//591 269//591
f 323//592 92//592 324//592
f 283//593 94//593 31//593
f 94//594 278//594 31//594
f 393//595 383//595 239//595
f 239//596 383//596 320//596
f 274//597 87//597 183//597
f 376//598 274//598 183//598
f 319//599 35//599 96//599
f 35//600 34//600 96//600
f 272//601 102//601 237//601
f 271//602 102//602 272//602
f 47//603 7//603 220//603
f 47//604 220//604 45//604
f 166//605 195//605 91//605
f 349//606 93//606 195//606
f 303//607 79//607 173//607
f 173//608 79//608 81//608
f 393//609 238//609 239//609
f 386//610 393//610 238//610
f 327//611 128//611 130//611
f 388//612 128//612 327//612
f 150//613 152//613 174//613
f 81//614 150//614 174//614
f 229//615 248//615 247//615
f 229//616 185//616 248//616
f 137//617 139//617 310//617
f 172//618 137//618 310//618
f 41//619 296//619 299//619
f 296//620 82//620 299//620
f 375//621 328//621 326//621
f 169//622 278//622 390//622
f 169//623 390//623 235//623
f 255//624 34//624 256//624
f 34//625 255//625 14//625
f 105//626 313//626 106//626
f 105//627 69//627 313//627
f 77//628 337//628 341//628
f 340//629 337//629 341//629
f 12//630 11//630 363//630
f 251//631 12//631 363//631
f 197//632 48//632 66//632
f 48//633 197//633 311//633
f 163//634 252//634 164//634
f 160//635 252//635 163//635
f 3//636 240//636 37//636
f 240//637 239//637 37//637
f 211//638 290//638 212//638
f 292//639 290//639 211//639
f 233//640 318//640 391//640
f 233//641 391//641 323//641
f 376//642 185//642 179//642
f 185//643 178//643 179//643
f 88//644 258//644 1//644
f 1//645 258//645 237//645
f 28//646 30//646 122//646
f 8//647 122//647 30//647
f 135//648 133//648 136//648
f 133//649 338//649 136//649
f 140//650 267//650 53//650
f 53//651 343//651 140//651
f 361//652 158//652 265//652
f 361//653 265//653 264//653
f 199//654 115//654 198//654
f 305//655 198//655 115//655
f 334//656 24//656 279//656
f 23//657 279//657 24//657
f 333//658 185//658 232//658
f 333//659 232//659 180//659
f 164//660 362//660 63//660
f 362//661 363//661 63//661
f 187//662 6//662 228//662
f 228//663 15//663 187//663
f 287//664 152//664 371//664
f 173//665 287//665 371//665
f 358//666 44//666 249//666
f 185//667 44//667 358//667
f 162//668 161//668 381//668
f 161//669 48//669 381//669
f 95//670 283//670 196//670
f 95//671 94//671 283//671
f 353//672 82//672 339//672
f 339//673 82//673 84//673
f 106//674 109//674 295//674
f 295//675 109//675 266//675
f 190//676 288//676 289//676
f 288//677 75//677 289//677
f 145//678 149//678 76//678
f 241//679 145//679 76//679
f 98//680 119//680 99//680
f 119//681 97//681 99//681
f 209//682 120//682 380//682
f 380//683 54//683 209//683
f 373//684 22//684 24//684
f 38//685 22//685 373//685
f 202//686 201//686 385//686
f 111//687 202//687 385//687
f 312//688 382//688 69//688
f 67//689 69//689 382//689
f 237//690 104//690 374//690
f 386//691 374//691 104//691
f 317//692 316//692 235//692
f 316//693 317//693 167//693
f 153//694 244//694 154//694
f 243//695 154//695 244//695
f 354//696 353//696 301//696
f 301//697 353//697 339//697
f 354//698 301//698 302//698
f 302//699 355//699 354//699
f 304//700 349//700 236//700
f 236//701 235//701 304//701
f 392//702 329//702 170//702
f 285//703 329//703 392//703
f 273//704 242//704 186//704
f 185//705 273//705 186//705
f 41//706 298//706 300//706
f 300//707 298//707 302//707
f 10//708 123//708 11//708
f 266//709 123//709 10//709
f 229//710 247//710 230//710
f 247//711 40//711 230//711
f 178//712 185//712 332//712
f 178//713 332//713 331//713
f 321//714 192//714 377//714
f 377//715 192//715 292//715
f 97//716 225//716 98//716
f 223//717 225//717 97//717
f 349//718 195//718 166//718
f 236//719 349//719 166//719
f 206//720 360//720 207//720
f 207//721 360//721 201//721
f 182//722 181//722 40//722
f 230//723 40//723 181//723
f 389//724 206//724 205//724
f 389//725 205//725 201//725
f 58//726 307//726 59//726
f 58//727 112//727 307//727
f 6//728 5//728 379//728
f 277//729 6//729 379//729
f 255//730 124//730 268//730
f 194//731 268//731 124//731
f 92//732 91//732 369//732
f 91//733 196//733 369//733
f 168//734 275//734 226//734
f 168//735 96//735 275//735
f 208//736 359//736 101//736
f 359//737 209//737 101//737
f 260//738 73//738 368//738
f 260//739 127//739 73//739
f 132//740 334//740 338//740
f 338//741 334//741 71//741
f 78//742 151//742 350//742
f 241//743 78//743 350//743
f 309//744 308//744 365//744
f 308//745 306//745 365//745
f 291//746 292//746 74//746
f 74//747 292//747 211//747
f 261//748 368//748 189//748
f 189//749 368//749 288//749
f 275//750 227//750 276//750
f 276//751 227//751 228//751
f 342//752 46//752 45//752
f 45//753 220//753 342//753
f 394//754 395//754 396//754
f 397//755 398//755 399//755
f 400//756 401//756 402//756
f 403//757 404//757 405//757
f 406//758 407//758 408//758
f 409//759 410//759 411//759
f 412//760 413//760 414//760
f 415//761 416//761 417//761
f 418//762 419//762 420//762
f 421//763 422//763 423//763
f 424//764 425//764 426//764
f 427//765 428//765 429//765
f 430//766 394//766 431//766
f 432//767 433//767 434//767
f 435//768 436//768 437//768
f 438//769 439//769 440//769
f 441//770 412//770 414//770
f 442//771 443//771 444//771
f 445//772 394//772 446//772
f 447//773 448//773 449//773
f 450//774 451//774 452//774
f 453//775 454//775 455//775
f 456//776 457//776 458//776
f 459//777 460//777 461//777
f 462//778 402//778 463//778
f 464//779 465//779 466//779
f 467//780 468//780 469//780
f 416//781 415//781 470//781
f 471//782 472//782 473//782
f 448//783 474//783 475//783
f 476//784 477//784 478//784
f 458//785 457//785 479//785
f 480//786 420//786 481//786
f 482//787 410//787 409//787
f 483//788 484//788 485//788
f 468//789 486//789 469//789
f 487//790 488//790 489//790
f 414//791 413//791 490//791
f 424//792 491//792 492//792
f 493//793 428//793 427//793
f 453//794 494//794 454//794
f 495//795 496//795 465//795
f 497//796 498//796 499//796
f 500//797 501//797 502//797
f 503//798 504//798 505//798
f 506//799 435//799 437//799
f 444//800 507//800 508//800
f 485//801 509//801 483//801
f 510//802 397//802 399//802
f 446//803 434//803 511//803
f 438//804 504//804 439//804
f 512//805 435//805 439//805
f 513//806 421//806 514//806
f 409//807 411//807 479//807
f 485//808 484//808 486//808
f 515//809 443//809 516//809
f 517//810 406//810 518//810
f 519//811 459//811 520//811
f 521//812 401//812 400//812
f 522//813 523//813 524//813
f 441//814 414//814 508//814
f 516//815 443//815 525//815
f 526//816 402//816 462//816
f 466//817 465//817 496//817
f 527//818 521//818 528//818
f 529//819 530//819 531//819
f 478//820 419//820 418//820
f 422//821 532//821 423//821
f 533//822 534//822 535//822
f 536//823 427//823 429//823
f 529//824 451//824 450//824
f 537//825 404//825 403//825
f 538//826 539//826 540//826
f 419//827 541//827 420//827
f 535//828 534//828 542//828
f 543//829 544//829 545//829
f 510//830 546//830 547//830
f 474//831 548//831 471//831
f 395//832 473//832 396//832
f 398//833 549//833 550//833
f 458//834 519//834 456//834
f 459//835 551//835 460//835
f 552//836 553//836 554//836
f 554//837 489//837 470//837
f 437//838 555//838 506//838
f 556//839 557//839 558//839
f 559//840 560//840 445//840
f 561//841 560//841 559//841
f 562//842 563//842 512//842
f 564//843 565//843 566//843
f 462//844 463//844 567//844
f 568//845 494//845 464//845
f 432//846 434//846 446//846
f 569//847 500//847 502//847
f 509//848 570//848 571//848
f 444//849 443//849 571//849
f 567//850 572//850 455//850
f 573//851 401//851 523//851
f 491//852 574//852 575//852
f 576//853 536//853 574//853
f 420//854 541//854 577//854
f 411//855 410//855 578//855
f 579//856 497//856 499//856
f 580//857 579//857 396//857
f 558//858 557//858 581//858
f 435//859 581//859 439//859
f 539//860 407//860 540//860
f 408//861 407//861 539//861
f 469//862 488//862 487//862
f 416//863 488//863 582//863
f 524//864 453//864 522//864
f 583//865 584//865 405//865
f 585//866 447//866 546//866
f 585//867 448//867 447//867
f 586//868 587//868 468//868
f 586//869 468//869 467//869
f 588//870 397//870 511//870
f 433//871 589//871 434//871
f 550//872 589//872 433//872
f 500//873 590//873 501//873
f 490//874 552//874 554//874
f 415//875 591//875 470//875
f 475//876 473//876 561//876
f 448//877 475//877 561//877
f 542//878 534//878 592//878
f 424//879 492//879 593//879
f 446//880 594//880 432//880
f 497//881 569//881 498//881
f 595//882 503//882 505//882
f 437//883 436//883 566//883
f 596//884 443//884 486//884
f 571//885 443//885 596//885
f 442//886 414//886 525//886
f 442//887 525//887 443//887
f 514//888 476//888 513//888
f 597//889 457//889 538//889
f 598//890 559//890 445//890
f 598//891 561//891 559//891
f 599//892 402//892 600//892
f 400//893 402//893 599//893
f 402//894 526//894 600//894
f 464//895 466//895 526//895
f 513//896 476//896 478//896
f 532//897 422//897 601//897
f 438//898 505//898 504//898
f 556//899 555//899 557//899
f 577//900 459//900 461//900
f 602//901 577//901 578//901
f 401//902 521//902 523//902
f 603//903 452//903 521//903
f 509//904 507//904 570//904
f 441//905 587//905 412//905
f 472//906 399//906 398//906
f 604//907 546//907 548//907
f 542//908 592//908 493//908
f 542//909 493//909 427//909
f 537//910 403//910 451//910
f 524//911 584//911 583//911
f 518//912 406//912 605//912
f 456//913 408//913 457//913
f 603//914 521//914 527//914
f 606//915 450//915 530//915
f 411//916 607//916 479//916
f 607//917 411//917 578//917
f 414//918 490//918 608//918
f 525//919 414//919 516//919
f 609//920 416//920 582//920
f 417//921 416//921 609//921
f 547//922 449//922 510//922
f 446//923 511//923 449//923
f 455//924 454//924 567//924
f 568//925 610//925 611//925
f 413//926 552//926 490//926
f 467//927 469//927 612//927
f 423//928 602//928 410//928
f 578//929 410//929 602//929
f 527//930 528//930 531//930
f 537//931 613//931 404//931
f 472//932 398//932 580//932
f 398//933 550//933 580//933
f 419//934 540//934 541//934
f 538//935 540//935 477//935
f 504//936 503//936 565//936
f 512//937 563//937 614//937
f 421//938 615//938 597//938
f 421//939 482//939 615//939
f 616//940 546//940 604//940
f 448//941 616//941 474//941
f 491//942 575//942 492//942
f 428//943 575//943 429//943
f 443//944 515//944 486//944
f 486//945 609//945 582//945
f 482//946 423//946 410//946
f 421//947 423//947 482//947
f 460//948 551//948 458//948
f 479//949 607//949 458//949
f 402//950 401//950 463//950
f 572//951 401//951 573//951
f 536//952 424//952 534//952
f 534//953 424//953 593//953
f 520//954 459//954 518//954
f 518//955 605//955 520//955
f 465//956 453//956 495//956
f 495//957 453//957 524//957
f 532//958 601//958 480//958
f 617//959 480//959 481//959
f 588//960 589//960 397//960
f 398//961 397//961 549//961
f 414//962 608//962 618//962
f 608//963 609//963 618//963
f 464//964 462//964 611//964
f 464//965 526//965 462//965
f 619//966 433//966 432//966
f 569//967 502//967 620//967
f 556//968 506//968 555//968
f 556//969 435//969 506//969
f 541//970 540//970 407//970
f 541//971 407//971 577//971
f 424//972 426//972 491//972
f 491//973 576//973 574//973
f 529//974 450//974 606//974
f 529//975 606//975 530//975
f 521//976 400//976 528//976
f 404//977 400//977 599//977
f 494//978 453//978 465//978
f 464//979 494//979 465//979
f 415//980 490//980 554//980
f 417//981 490//981 415//981
f 455//982 572//982 573//982
f 522//983 453//983 455//983
f 416//984 470//984 488//984
f 489//985 488//985 470//985
f 597//986 538//986 476//986
f 476//987 538//987 477//987
f 415//988 554//988 591//988
f 591//989 554//989 470//989
f 509//990 571//990 483//990
f 571//991 484//991 483//991
f 498//992 594//992 446//992
f 430//993 446//993 394//993
f 507//994 441//994 508//994
f 441//995 507//995 509//995
f 492//996 543//996 593//996
f 592//997 543//997 621//997
f 615//998 409//998 597//998
f 482//999 409//999 615//999
f 536//1000 425//1000 424//1000
f 576//1001 425//1001 536//1001
f 523//1002 521//1002 452//1002
f 524//1003 523//1003 452//1003
f 485//1004 486//1004 468//1004
f 587//1005 485//1005 468//1005
f 404//1006 599//1006 405//1006
f 599//1007 600//1007 496//1007
f 569//1008 497//1008 622//1008
f 579//1009 622//1009 497//1009
f 430//1010 431//1010 499//1010
f 431//1011 579//1011 499//1011
f 449//1012 511//1012 510//1012
f 511//1013 397//1013 510//1013
f 551//1014 519//1014 458//1014
f 551//1015 459//1015 519//1015
f 435//1016 556//1016 558//1016
f 435//1017 558//1017 581//1017
f 601//1018 478//1018 418//1018
f 601//1019 623//1019 478//1019
f 436//1020 614//1020 564//1020
f 566//1021 436//1021 564//1021
f 583//1022 405//1022 624//1022
f 624//1023 405//1023 599//1023
f 531//1024 528//1024 404//1024
f 528//1025 400//1025 404//1025
f 419//1026 477//1026 540//1026
f 419//1027 478//1027 477//1027
f 510//1028 399//1028 546//1028
f 546//1029 399//1029 472//1029
f 413//1030 467//1030 552//1030
f 413//1031 586//1031 467//1031
f 507//1032 444//1032 570//1032
f 444//1033 571//1033 570//1033
f 493//1034 545//1034 428//1034
f 493//1035 592//1035 621//1035
f 444//1036 508//1036 442//1036
f 442//1037 508//1037 414//1037
f 571//1038 596//1038 484//1038
f 596//1039 486//1039 484//1039
f 427//1040 535//1040 542//1040
f 427//1041 533//1041 535//1041
f 454//1042 568//1042 611//1042
f 494//1043 568//1043 454//1043
f 572//1044 463//1044 401//1044
f 567//1045 463//1045 572//1045
f 492//1046 575//1046 428//1046
f 492//1047 428//1047 543//1047
f 566//1048 565//1048 503//1048
f 566//1049 503//1049 595//1049
f 441//1050 509//1050 587//1050
f 587//1051 509//1051 485//1051
f 520//1052 456//1052 519//1052
f 520//1053 408//1053 456//1053
f 580//1054 550//1054 590//1054
f 501//1055 590//1055 550//1055
f 574//1056 429//1056 575//1056
f 574//1057 536//1057 429//1057
f 504//1058 562//1058 439//1058
f 512//1059 439//1059 562//1059
f 422//1060 421//1060 513//1060
f 422//1061 623//1061 601//1061
f 501//1062 550//1062 433//1062
f 501//1063 433//1063 619//1063
f 412//1064 587//1064 586//1064
f 412//1065 586//1065 413//1065
f 530//1066 450//1066 603//1066
f 450//1067 452//1067 603//1067
f 451//1068 524//1068 452//1068
f 584//1069 524//1069 451//1069
f 408//1070 539//1070 457//1070
f 457//1071 539//1071 538//1071
f 603//1072 527//1072 530//1072
f 530//1073 527//1073 531//1073
f 595//1074 505//1074 555//1074
f 555//1075 505//1075 438//1075
f 593//1076 543//1076 592//1076
f 534//1077 593//1077 592//1077
f 486//1078 582//1078 469//1078
f 582//1079 488//1079 469//1079
f 425//1080 576//1080 426//1080
f 426//1081 576//1081 491//1081
f 479//1082 457//1082 597//1082
f 409//1083 479//1083 597//1083
f 394//1084 560//1084 395//1084
f 560//1085 394//1085 445//1085
f 437//1086 595//1086 555//1086
f 625//1087 595//1087 437//1087
f 471//1088 473//1088 475//1088
f 474//1089 471//1089 475//1089
f 462//1090 567//1090 611//1090
f 454//1091 611//1091 567//1091
f 562//1092 504//1092 563//1092
f 563//1093 504//1093 565//1093
f 467//1094 612//1094 552//1094
f 552//1095 612//1095 553//1095
f 533//1096 536//1096 534//1096
f 536//1097 533//1097 427//1097
f 577//1098 406//1098 517//1098
f 577//1099 407//1099 406//1099
f 557//1100 438//1100 440//1100
f 557//1101 555//1101 438//1101
f 548//1102 472//1102 471//1102
f 546//1103 472//1103 548//1103
f 512//1104 614//1104 436//1104
f 436//1105 435//1105 512//1105
f 561//1106 473//1106 395//1106
f 561//1107 395//1107 560//1107
f 498//1108 430//1108 499//1108
f 430//1109 498//1109 446//1109
f 607//1110 578//1110 461//1110
f 578//1111 577//1111 461//1111
f 515//1112 609//1112 486//1112
f 618//1113 609//1113 515//1113
f 461//1114 460//1114 607//1114
f 607//1115 460//1115 458//1115
f 554//1116 553//1116 489//1116
f 487//1117 489//1117 553//1117
f 557//1118 440//1118 581//1118
f 439//1119 581//1119 440//1119
f 473//1120 580//1120 396//1120
f 472//1121 580//1121 473//1121
f 516//1122 414//1122 618//1122
f 618//1123 515//1123 516//1123
f 610//1124 464//1124 611//1124
f 568//1125 464//1125 610//1125
f 449//1126 547//1126 447//1126
f 447//1127 547//1127 546//1127
f 480//1128 418//1128 420//1128
f 480//1129 601//1129 418//1129
f 498//1130 569//1130 594//1130
f 594//1131 569//1131 620//1131
f 481//1132 420//1132 602//1132
f 420//1133 577//1133 602//1133
f 537//1134 451//1134 529//1134
f 537//1135 529//1135 531//1135
f 624//1136 599//1136 496//1136
f 495//1137 624//1137 496//1137
f 580//1138 590//1138 579//1138
f 579//1139 590//1139 622//1139
f 577//1140 517//1140 459//1140
f 518//1141 459//1141 517//1141
f 614//1142 565//1142 564//1142
f 563//1143 565//1143 614//1143
f 605//1144 406//1144 408//1144
f 520//1145 605//1145 408//1145
f 532//1146 617//1146 423//1146
f 617//1147 532//1147 480//1147
f 502//1148 619//1148 620//1148
f 502//1149 501//1149 619//1149
f 584//1150 403//1150 405//1150
f 451//1151 403//1151 584//1151
f 481//1152 602//1152 423//1152
f 617//1153 481//1153 423//1153
f 608//1154 490//1154 417//1154
f 417//1155 609//1155 608//1155
f 622//1156 590//1156 500//1156
f 569//1157 622//1157 500//1157
f 394//1158 396//1158 431//1158
f 396//1159 579//1159 431//1159
f 522//1160 573//1160 523//1160
f 455//1161 573//1161 522//1161
f 514//1162 421//1162 597//1162
f 514//1163 597//1163 476//1163
f 448//1164 585//1164 616//1164
f 616//1165 585//1165 546//1165
f 469//1166 487//1166 612//1166
f 612//1167 487//1167 553//1167
f 496//1168 600//1168 466//1168
f 526//1169 466//1169 600//1169
f 531//1170 404//1170 613//1170
f 537//1171 531//1171 613//1171
f 543//1172 545//1172 621//1172
f 493//1173 621//1173 545//1173
f 449//1174 445//1174 446//1174
f 448//1175 445//1175 449//1175
f 545//1176 544//1176 428//1176
f 428//1177 544//1177 543//1177
f 604//1178 548//1178 474//1178
f 474//1179 616//1179 604//1179
f 437//1180 566//1180 625//1180
f 566//1181 595//1181 625//1181
f 434//1182 588//1182 511//1182
f 434//1183 589//1183 588//1183
f 513//1184 478//1184 623//1184
f 422//1185 513//1185 623//1185
f 620//1186 619//1186 432//1186
f 594//1187 620//1187 432//1187
f 524//1188 583//1188 495//1188
f 495//1189 583//1189 624//1189
f 589//1190 549//1190 397//1190
f 550//1191 549//1191 589//1191
f 448//1192 598//1192 445//1192
f 598//1193 448//1193 561//1193
f 626//1194 627//1194 628//1194
f 629//1195 630//1195 631//1195
f 632//1196 633//1196 634//1196
f 627//1197 635//1197 636//1197
f 629//1198 637//1198 630//1198
f 638//1199 639//1199 640//1199
f 641//1200 642//1200 643//1200
f 627//1201 644//1201 635//1201
f 645//1202 627//1202 646//1202
f 647//1203 648//1203 649//1203
f 650//1204 636//1204 651//1204
f 628//1205 637//1205 652//1205
f 637//1206 629//1206 652//1206
f 626//1207 653//1207 654//1207
f 630//1208 644//1208 631//1208
f 645//1209 655//1209 627//1209
f 637//1210 650//1210 630//1210
f 650//1211 656//1211 636//1211
f 642//1212 657//1212 643//1212
f 635//1213 644//1213 630//1213
f 650//1214 651//1214 658//1214
f 656//1215 659//1215 628//1215
f 637//1216 656//1216 650//1216
f 656//1217 628//1217 636//1217
f 627//1218 636//1218 628//1218
f 632//1219 660//1219 661//1219
f 629//1220 631//1220 646//1220
f 653//1221 646//1221 654//1221
f 662//1222 639//1222 663//1222
f 639//1223 647//1223 649//1223
f 632//1224 634//1224 647//1224
f 646//1225 631//1225 645//1225
f 631//1226 655//1226 645//1226
f 626//1227 654//1227 627//1227
f 646//1228 627//1228 654//1228
f 647//1229 634//1229 648//1229
f 639//1230 649//1230 640//1230
f 638//1231 664//1231 640//1231
f 657//1232 632//1232 643//1232
f 643//1233 665//1233 666//1233
f 662//1234 641//1234 643//1234
f 667//1235 668//1235 641//1235
f 642//1236 669//1236 657//1236
f 669//1237 661//1237 660//1237
f 648//1238 634//1238 670//1238
f 671//1239 655//1239 631//1239
f 627//1240 655//1240 671//1240
f 672//1241 649//1241 648//1241
f 672//1242 648//1242 670//1242
f 639//1243 643//1243 673//1243
f 662//1244 643//1244 639//1244
f 636//1245 635//1245 651//1245
f 651//1246 635//1246 658//1246
f 666//1247 665//1247 673//1247
f 666//1248 673//1248 643//1248
f 664//1249 649//1249 672//1249
f 664//1250 640//1250 649//1250
f 632//1251 661//1251 633//1251
f 669//1252 674//1252 661//1252
f 663//1253 639//1253 638//1253
f 653//1254 629//1254 646//1254
f 626//1255 629//1255 653//1255
f 665//1256 632//1256 647//1256
f 643//1257 632//1257 665//1257
f 668//1258 669//1258 642//1258
f 641//1259 668//1259 642//1259
f 657//1260 660//1260 632//1260
f 669//1261 660//1261 657//1261
f 644//1262 671//1262 631//1262
f 627//1263 671//1263 644//1263
f 628//1264 659//1264 637//1264
f 637//1265 659//1265 656//1265
f 663//1266 667//1266 662//1266
f 662//1267 667//1267 641//1267
f 634//1268 633//1268 675//1268
f 670//1269 634//1269 675//1269
f 626//1270 628//1270 652//1270
f 652//1271 629//1271 626//1271
f 665//1272 647//1272 673//1272
f 639//1273 673//1273 647//1273
f 650//1274 658//1274 630//1274
f 635//1275 630//1275 658//1275
f 674//1276 675//1276 633//1276
f 633//1277 661//1277 674//1277
f 676//1278 677//1278 678//1278
f 679//1279 680//1279 681//1279
f 682//1280 683//1280 684//1280
f 685//1281 686//1281 687//1281
f 688//1282 689//1282 683//1282
f 685//1283 690//1283 691//1283
f 676//1284 692//1284 677//1284
f 679//1285 681//1285 693//1285
f 676//1286 678//1286 694//1286
f 681//1287 680//1287 695//1287
f 696//1288 689//1288 688//1288
f 686//1289 685//1289 682//1289
f 684//1290 697//1290 687//1290
f 690//1291 697//1291 691//1291
f 680//1292 679//1292 676//1292
f 680//1293 676//1293 694//1293
f 693//1294 677//1294 692//1294
f 677//1295 693//1295 678//1295
f 678//1296 693//1296 698//1296
f 695//1297 678//1297 698//1297
f 687//1298 697//1298 690//1298
f 685//1299 687//1299 690//1299
f 688//1300 683//1300 682//1300
f 685//1301 688//1301 682//1301
f 686//1302 684//1302 687//1302
f 686//1303 682//1303 684//1303
f 697//1304 689//1304 691//1304
f 696//1305 691//1305 689//1305
f 679//1306 692//1306 676//1306
f 679//1307 693//1307 692//1307
f 689//1308 697//1308 683//1308
f 683//1309 697//1309 684//1309
f 685//1310 696//1310 688//1310
f 696//1311 685//1311 691//1311
f 694//1312 678//1312 695//1312
f 680//1313 694//1313 695//1313
f 695//1314 698//1314 681//1314
f 693//1315 681//1315 698//1315
# Vertices: 698, normals: 1315, texture coordinates: 0, faces: 1316

