# File generated by ImageToStl.com - Free Image and 3D model conversion tools

o obj1
v 13.75258923 12.69125557 2.33910131
v 13.26203728 11.12749481 3.0038929
v 12.60421848 11.29673004 4.94424343
v 16.38191795 11.29650784 4.94471884
v 16.01034546 10.70541859 4.4655447
v 16.00220299 10.9236536 3.69769979
v 15.59634495 12.04635906 7.21054363
v 15.94061375 12.02716732 6.52063084
v 15.06065083 12.59439564 7.12891006
v 13.40533447 9.63782597 7.79433584
v 13.13586617 10.84277344 6.31119585
v 13.94669437 9.91862774 6.50407314
v 14.49320316 14.37008095 5.30473518
v 14.4933033 14.60847569 4.62129879
v 13.7009182 14.39726925 4.90327263
v 15.03159046 11.63669682 2.28209114
v 14.19787025 11.2385006 2.42722607
v 13.99532413 11.94335842 2.19957232
v 14.55219078 11.26966858 12.13744164
v 14.96898651 11.47393131 11.14777374
v 13.92472839 11.38819599 11.48543453
v 16.1442318 8.37976933 12.23165894
v 13.19986057 7.66455364 11.89816952
v 16.58978271 9.17752171 10.80288219
v 14.35339546 10.52034664 9.56109142
v 14.01370335 10.28864002 9.49691868
v 13.57842541 10.89328003 9.93883324
v 12.76272964 8.2481432 10.36950588
v 15.23436737 12.69116879 2.33928776
v 16.38256073 12.61141968 5.55913496
v 16.44617844 11.88596344 5.39951515
v 15.31364822 14.10279083 3.22983432
v 15.2330904 13.72265148 2.81994772
v 15.06573009 13.77497959 2.77675772
v 14.78500843 9.23733902 7.60642338
v 14.49279118 9.82014751 6.45823431
v 15.28545094 10.03826714 6.56006765
v 15.58197784 10.7036562 9.00357628
v 14.94533348 11.28651428 9.27690315
v 14.95143223 10.2702446 9.32046509
v 14.77395535 7.38743591 12.56575584
v 14.17133427 9.47046471 13.42029858
v 13.68808746 8.90343571 13.16294003
v 12.30552959 9.83007622 11.46614838
v 12.7134409 8.10001755 10.65591335
v 12.80950832 7.8579669 11.23589993
v 14.76004982 10.24375916 10.02941799
v 14.63422585 9.34169388 9.60877705
v 13.97002029 9.69423294 9.77316952
v 16.03713989 10.73627758 11.8887167
v 15.9564333 10.43757915 12.42379665
v 12.05735302 13.67705154 -0.13220549
v 11.68004894 13.01926517 4.38996315
v 11.96625805 13.60549831 2.8239522
v 13.10764885 13.13303852 -0.24680641
v 13.49894619 12.32526875 2.84566689
v 13.29836941 11.95029259 3.25032973
v 16.68002892 13.5294838 4.4835248
v 16.57515717 13.96244335 -0.08009351
v 16.26866531 13.6655283 4.10389519
v 16.96837616 13.23299408 -0.21932423
v 17.3832531 12.2249527 4.23452663
v 17.15261269 12.21910477 2.55382872
v 12.97584152 10.70559692 4.46516275
v 13.27819538 10.5843668 5.84762383
v 13.68687248 13.82198906 5.87992096
v 13.30382919 14.21607399 4.81073475
v 12.97699356 13.37506771 5.69954634
v 14.039711 11.28656769 9.27678871
v 13.40306759 10.70378399 9.00330162
v 13.99558163 10.09761333 9.23981857
v 16.31022644 11.23281288 7.82011366
v 21.4713192 6.24353695 -0.1255637
v 15.84704304 11.23106003 7.75682116
v 21.46984482 5.30840349 0.46013352
v 16.45672417 10.45764256 8.40634727
v 16.30874252 10.29112816 8.40991592
v 15.76860428 11.05975914 10.84403801
v 16.16137886 10.58619118 11.12238026
v 16.36190605 9.13662624 9.82140636
v 16.68816566 8.84534454 10.65291595
v 12.85974503 7.91563416 10.21938419
v 15.38049984 9.21026897 9.04124451
v 12.85772228 10.17444801 8.36541748
v 12.5283432 10.46126747 8.40797234
v 7.35691547 5.35342836 0.54477459
v 13.14186192 10.96785831 7.41639376
v 13.14244938 10.16921616 7.18131495
v 8.05442142 5.70800924 -0.159697
v 15.68786049 11.95022774 3.25046825
v 16.22709846 12.85053349 -0.29927742
v 16.06230736 11.71759129 3.16650748
v 16.84698296 12.9626236 5.14685822
v 17.08917427 12.16749096 4.99372149
v 17.38718987 12.59057617 4.49643755
v 12.122159 11.61018848 4.11181498
v 11.8329668 12.21862888 2.55484915
v 12.30456543 12.88914394 -0.28773779
v 11.59978867 12.5900135 4.49764299
v 11.66234398 12.1847086 4.53004313
v 11.86805439 12.45678329 5.05138969
v 13.16095161 10.45951271 7.17383432
v 13.16045856 10.05764866 8.29610252
v 13.62152863 12.66578102 6.81817484
v 13.04521179 12.02733707 6.52026558
v 13.21974182 11.64994431 7.31097937
v 15.72456837 11.12735081 3.00420284
v 14.7888937 11.23846626 2.42730045
v 15.44834328 9.45288563 13.10068226
v 14.7757206 9.63425541 13.39793015
v 15.38049889 7.57676315 12.54430294
v 16.54300499 8.7646265 11.65868092
v 15.84515858 11.26433086 8.09268284
v 15.84174538 10.04494476 7.99961042
v 15.84231853 10.03148746 7.35876513
v 21.0142498 5.33154154 0.13495941
v 13.29726696 10.96491814 11.99533463
v 12.39771175 10.08995628 10.91296768
v 13.26045132 14.21169853 4.44824076
v 15.05941963 12.97537899 2.36264706
v 13.92756462 12.97544575 2.36250401
v 13.92124367 13.7750473 2.77661371
v 13.62024117 8.6608181 9.10350323
v 13.18600368 8.36537552 9.46176434
v 14.68209553 9.68069077 9.04551029
v 14.49252224 9.22339153 8.3147831
v 15.27023506 9.35744095 8.07316685
v 14.10784626 9.812047 9.10667419
v 13.40424252 9.88779736 8.62374783
v 14.03971195 9.30504894 8.35279083
v 12.52723598 11.15667439 7.96460819
v 7.14270878 5.99006987 0.28498396
v 12.31912422 10.89721584 7.97574902
v 12.98324299 10.61767101 8.61221313
v 12.95237637 11.01920605 8.51497936
v 12.53293705 10.73145962 8.4580574
v 16.12242317 13.92104244 -0.09148162
v 15.87537766 13.13304329 -0.24681725
v 12.93417168 11.59450245 3.69898176
v 12.52668762 12.82432175 -0.30218732
v 12.75599098 12.85039806 -0.29898795
v 13.07530594 13.71893311 2.83695817
v 13.04024601 13.77758312 -0.12067943
v 12.63831425 13.98576736 -0.07682397
v 16.27865982 13.31108665 4.9951458
v 15.55430603 13.35022736 3.5052042
v 16.24524117 11.60354614 4.66118145
v 16.08973885 13.21783161 4.97454596
v 12.73629379 12.87035179 5.27071667
v 12.93480873 11.57346249 4.0995388
v 13.60829163 12.74924088 2.68219805
v 11.98169804 13.23404121 4.73186064
v 11.95303917 12.73602772 5.10509586
v 15.83625507 11.21476364 6.84408426
v 15.32528687 9.44013119 7.70106936
v 13.29754639 7.33409929 11.74406052
v 15.92766857 7.83162212 12.34467697
v 12.61225128 9.37743378 12.45059967
v 13.62024212 7.27127695 12.08338165
v 16.99199677 13.45933723 -0.17505403
v 17.32612801 13.10406113 4.00226498
v 17.43587112 12.66700172 4.12688971
v 17.00522995 13.23446274 4.73095751
v 17.36001015 12.74567509 4.45031786
v 14.60850048 10.68274689 9.36576366
v 13.1798315 10.36424065 8.66601849
v 21.01521111 5.94190598 -0.24732718
v 21.84194183 5.72709942 0.45116255
v 14.17133522 11.09588814 9.93456841
v 15.44834423 10.8424263 10.12080288
v 14.7757206 11.18403625 10.07441616
v 13.59574699 11.83111954 2.3861568
v 13.64395905 11.39057255 2.48359704
v 15.32528782 11.69898605 8.75439072
v 15.28545094 12.18857002 7.56277037
v 14.20021534 11.9018755 8.84882832
v 13.70013142 12.18866348 7.5625701
v 13.6599369 11.69908333 8.75418091
v 13.14306068 9.9874506 7.64791012
v 7.68380165 5.19621658 0.42115691
v 7.35561466 6.17160988 0.02313677
v 15.84532166 11.08303261 8.41540718
v 15.84320545 10.97217178 7.41886473
v 16.17399025 10.86533546 8.57053661
v 15.95514774 10.38700485 8.54224396
v 14.49342346 14.51502037 3.62419367
v 13.77846146 14.52793503 4.23523998
v 13.7538662 13.72273827 2.81976128
v 15.36429787 10.30181313 5.71610641
v 14.79890251 10.08959389 5.61705971
v 14.8647747 10.10430717 4.84005785
v 15.29932594 13.82189465 5.88012457
v 16.00919724 13.37488937 5.69992828
v 15.68268394 14.21593475 4.8110342
v 15.60476875 14.28767776 4.13885403
v 15.99437714 13.82048035 5.02828121
v 12.51939774 11.49426174 4.08597279
v 12.63722324 11.83954048 5.07070065
v 12.74223328 11.60340595 4.66148376
v 16.4676609 11.4944849 4.08549404
v 16.45640945 12.82454109 -0.30265808
v 16.84902 11.97689629 2.5044117
v 16.93552971 12.41238499 5.19025135
v 13.14333057 10.04532433 8.00456524
v 13.43160915 13.3503418 3.5049603
v 12.89738655 13.21774769 4.97472525
v 15.82452583 10.45935631 7.17416906
v 15.84987259 10.84261417 6.31153774
v 15.80525875 10.36408615 8.66634846
v 15.04216862 9.94746113 9.02296162
v 15.58080196 9.88766956 8.62402153
v 13.14939404 11.21492195 6.84374571
v 15.39109707 11.83101463 2.3863833
v 15.34280777 11.39047241 2.48381138
v 15.83256435 13.57749367 -0.16054066
v 15.4049654 13.09906864 2.95908356
v 15.48682594 12.32512951 2.84596419
v 16.05223083 11.57353115 4.09938908
v 16.77918816 13.85411167 -0.09970199
v 16.85829735 13.03287506 -0.2591204
v 15.03236771 10.15165997 9.46576595
v 14.77395535 9.10500526 8.88242245
v 14.16741085 8.91567612 8.90387535
v 14.63540649 9.56647873 9.11629677
v 11.99096584 13.45891953 -0.17415945
v 12.01463509 13.23258591 -0.21844834
v 11.58252525 12.29460239 3.84646249
v 14.3028183 9.6807127 9.04546165
v 14.97584534 9.9790535 9.49407005
v 14.75930595 10.34607124 9.66518116
v 14.39924908 9.54650784 9.29228401
v 14.90555763 13.9289465 5.92998314
v 15.28559303 14.39717579 4.90347195
v 14.78500843 11.90184116 8.84890079
v 14.49279118 12.40678215 7.66440248
v 13.97020626 10.48827362 13.01372337
v 13.10866165 9.74273109 12.95380116
v 15.37693024 10.87570667 12.53177834
v 21.84245491 6.05186796 0.24775073
v 21.30136871 5.25694036 0.377543
v 14.22141361 9.59347057 9.19135189
v 13.95260429 9.8894453 9.34349442
v 13.13554668 10.64929104 10.05487347
v 12.5855217 12.21036911 5.27957678
v 12.35659981 11.85868454 5.08080482
v 12.53877926 11.54556656 4.65292835
v 11.84836483 11.84672928 4.46267128
v 13.99722958 14.30586052 3.30136824
v 13.13554668 9.27555656 13.00085354
v 12.62137985 10.4621582 11.76089382
v 12.67483521 11.23170757 7.81553555
v 13.13801956 11.22945213 7.75226116
v 13.13990211 11.26541805 8.08784389
v 12.30659294 13.52918243 4.48417044
v 12.71760654 13.66537857 4.10421562
v 12.40769482 13.96218014 -0.07952906
v 12.70844746 13.31093407 4.99547386
v 16.35048676 11.83971977 5.07031584
v 16.44870949 11.54578209 4.65246534
v 15.82610893 10.84555626 8.66307259
v 15.82723904 11.15021992 8.48539066
v 15.82454109 11.44745064 7.63492537
v 14.49256039 11.68118095 9.1566267
v 15.84290123 10.40147018 7.12703562
v 13.95678806 11.58462524 9.11152077
v 13.40442944 11.50036907 8.66208267
v 13.15903854 10.84571362 8.66273689
v 13.05287457 11.00861454 10.93079281
v 13.10866261 10.91353989 10.44299507
v 15.96835041 11.1686945 8.37734509
v 16.323246 11.12147331 8.33243275
v 16.45782661 11.15658665 7.96858072
v 16.60014343 10.83474445 8.23193741
v 16.73991776 10.79247284 7.9119401
v 16.05954552 10.75118637 7.84339762
v 16.78861046 10.65843678 7.95091534
v 16.66543961 10.57860565 8.17708874
v 16.19246483 10.40064621 7.79068184
v 14.1212492 10.10435104 4.83996439
v 14.18692303 10.08963013 5.61698294
v 13.78481007 10.27918339 4.61274385
v 13.51371956 10.36347294 4.26143408
v 13.39805126 10.51197529 3.92861438
v 12.98420334 10.92383099 3.69731975
v 13.42168808 10.79082775 3.20973635
v 12.74481106 11.23909473 8.19865608
v 15.76860428 10.14393711 12.80802536
v 15.0668335 10.21826267 13.17554283
v 7.14322186 5.66694546 0.49099576
v 14.16741276 7.28217173 12.40693378
v 12.35791302 13.27508068 4.99136305
v 12.25863743 12.79542828 5.26410913
v 12.60991478 12.46430016 5.3288846
v 13.15036678 13.57750416 -0.16056354
v 15.37693119 11.31851196 11.58217621
v 15.06683254 11.38907051 10.66473866
v 12.53991318 11.88619328 5.39902306
v 12.99203491 13.82065678 5.02790356
v 12.60357475 12.61164188 5.55865908
v 16.94825554 11.91130638 4.94277668
v 17.13886261 11.84719944 4.46166229
v 14.08064079 13.92899418 5.92987919
v 14.18692303 12.87799931 6.91722059
v 15.82468891 10.05749226 8.29643917
v 15.20823288 14.5278511 4.23542023
v 15.39018726 14.40465164 3.85309196
v 15.0715332 14.43023014 3.58474422
v 13.70707417 11.06897926 2.78546715
v 14.21691704 10.47273445 9.41477489
v 14.49245739 10.54870033 9.45024109
v 13.95678806 9.24006367 8.0182333
v 14.49256039 9.14344501 7.97326136
v 15.56482601 10.79070187 3.21000624
v 15.30302811 11.03133488 2.74001718
v 15.58824921 10.51184654 3.92888975
v 11.55078793 12.66642189 4.1281333
v 12.83201694 12.43240166 3.97691202
v 11.58080101 12.44291878 4.27849102
v 12.86050606 12.66189384 4.26940012
v 11.61595154 12.80865669 4.34945774
v 14.96193027 9.57147884 9.71592808
v 14.96584225 9.77425098 9.27565193
v 15.90618896 13.4683485 4.46589184
v 12.79224777 10.62567806 7.64847612
v 12.19645882 10.65839386 7.95094156
v 12.9258852 10.52312279 7.98751688
v 12.38492203 10.83695507 8.23054028
v 12.24551105 10.56576824 8.05520153
v 15.47247982 10.36335754 4.26168108
v 15.20129013 10.27910042 4.61292219
v 15.53235626 10.83714485 3.23886013
v 12.85776329 12.70028973 4.02889204
v 12.83319283 12.37769985 4.21425629
v 14.90195179 12.24538708 2.17509294
v 14.76593494 10.47131157 9.58209896
v 12.92552376 10.75028706 7.84268713
v 12.85935974 10.41622829 7.91892719
v 12.76369476 10.48572922 7.67870474
v 14.3286829 12.53070164 2.19827604
v 16.12880516 12.700387 4.02868176
v 17.40605927 12.44348812 4.27727079
v 16.15364265 12.37780666 4.21402693
v 16.23271561 8.03916836 12.0929985
v 13.13872719 11.17601585 8.30645084
v 16.05918503 10.52286816 7.98639965
v 16.22137642 10.487957 7.67729902
v 16.32774734 12.48820019 5.30999565
v 14.00899124 9.97910976 9.49394989
v 12.61225128 10.29325676 10.48661137
v 14.02738953 10.06583691 9.94645023
v 7.84072733 6.02152777 -0.21347341
v 13.58060932 13.09923744 2.95872164
v 17.01902199 13.60592461 2.82303739
v 14.86600113 9.69970894 9.36379337
v 15.84547615 10.2359972 8.38005447
v 16.15460968 12.43250942 3.97668123
v 12.39771175 9.5733633 12.02080631
v 12.6782198 10.22034073 12.2261734
v 12.03932858 11.91090584 4.94363451
v 14.39924812 10.41166687 9.69571495
v 15.27023602 11.46709347 9.05691624
v 16.40221596 12.21056843 5.27915049
v 13.05287457 10.17751884 12.71308231
v 16.83517265 11.60491371 4.41223049
v 14.20021629 9.23737335 7.60635042
v 16.45212746 10.72742462 8.45859909
v 13.1400404 10.89779377 8.53246498
v 13.13995647 10.3654623 8.48523998
v 16.6292057 13.27536297 4.99075794
v 16.251194 12.87049484 5.27040958
v 14.93872833 11.23866653 2.53803205
v 13.73113728 14.49467468 4.56811523
v 15.9564333 10.95417309 11.31595802
v 15.3771944 12.74906158 2.68258166
v 13.11208153 13.41795921 4.45744181
v 13.68363285 11.03142929 2.73981357
v 14.96898651 10.64283657 12.93006229
v 15.92766953 9.2211647 9.36479568
v 15.84502316 10.89314842 8.53433704
v 15.82696056 9.99868774 7.94868565
v 13.14276028 10.02672195 7.36384869
v 13.1579895 11.15037632 8.48505497
v 13.6732502 14.10288715 3.22962761
v 15.84343624 10.56310749 8.56266689
v 13.43258667 10.5632534 3.94350219
v 14.04800701 11.23871899 2.53791976
v 12.84745121 12.50550652 4.31517792
v 14.85295486 10.16678047 4.83893251
v 14.49300671 10.13928032 4.89602327
v 15.08746719 10.15385342 9.11921024
v 15.84262848 10.1754427 7.17738104
v 11.64842701 12.69198036 -1.45343077
v 11.67208099 11.73315239 -1.70400524
v 11.48275948 11.85378456 -1.39352977
v 11.44154739 11.72494793 -0.83535689
v 11.68881702 12.39915276 -1.02636647
v 8.38754463 5.96446657 -1.32373607
v 7.62895775 6.79910517 -1.2600261
v 7.39904022 6.37759304 -0.90242833
v 7.53631687 6.71284151 -1.59975779
v 6.99616623 5.81945038 -1.39470863
v 6.92087269 6.03224277 -0.69274789
v 21.93193054 5.08080387 -0.2706317
v 21.68155479 5.00129843 -0.36426181
v 21.51639938 5.10628796 -0.86209387
v 21.66918564 6.85771179 -1.1415168
v 20.68939018 6.3711729 -1.42332757
v 20.94553947 5.96562862 -1.06509125
v 16.93078423 13.56540108 -1.35514772
v 17.33380699 12.69252396 -1.45459461
v 17.08208847 12.8503027 -1.80873036
v 17.02757835 12.8974781 -0.28108758
v 16.71562195 13.93987942 -0.08265161
v 15.76707077 13.16697311 -0.24494588
v 13.90525532 7.92330313 10.86581135
v 14.25349998 7.01404953 10.36628532
v 14.45995712 7.37540483 10.91451836
v 16.19101334 7.83569765 9.83267879
v 14.51193523 6.88649368 9.39104271
v 13.55772686 8.21897316 10.01140308
v 12.50803661 11.01325703 -0.65358788
v 11.89494896 10.90400219 -0.66639912
v 12.30786896 11.31663704 -1.55672157
v 12.69828129 11.61648464 -1.08689702
v 15.11131191 7.86972332 8.55207062
v 14.30876732 7.52938509 8.77309704
v 14.51522446 8.18163013 8.69751453
v 16.00240517 8.81265068 10.28824043
v 13.75686169 7.50088644 9.67655468
v 14.56720352 6.70031452 9.30225849
v 12.93740463 13.77259731 -1.06889606
v 13.11405468 12.83440495 -1.19434738
v 13.00066185 13.31087875 -1.41667521
v 12.69850159 11.78067017 -1.55207646
v 12.71950626 12.63045406 -1.86161399
v 21.64624214 6.75916195 -1.82183564
v 21.84903336 6.72116709 -1.46491981
v 22.13212776 5.94513607 -1.36410546
v 21.76432228 6.2613287 0.06046521
v 21.75961304 6.50328541 -0.84847599
v 21.57653618 6.39221239 -0.15140313
v 16.47545052 11.013484 -0.65407252
v 16.71996498 11.13492393 -1.31415606
v 16.92435074 10.87939453 -0.67434573
v 16.04473495 13.77266502 -1.06904006
v 15.98137379 13.31092358 -1.41676927
v 15.86833286 12.83440781 -1.19435167
v 17.4291935 11.79398155 -1.56420529
v 17.42362213 12.07415485 -1.04918909
v 17.23308372 12.53757 -0.95683664
v 16.21083832 12.10939026 -1.09779322
v 8.21724796 6.69828606 -1.88594806
v 7.81694841 6.25694895 -2.0196476
v 7.55769444 6.6271472 -1.75398839
v 8.66659069 6.23721266 -1.34712851
v 20.68562508 7.43196392 -1.4225806
v 21.39185143 7.22960997 -1.56797624
v 21.07421875 7.01647758 -1.85171473
v 20.71653938 6.5118413 -1.73194289
v 21.49498749 5.52433443 -1.53364182
v 21.10725784 5.37760162 -0.92385697
v 7.51433086 6.3166604 -0.18496053
v 8.16540623 5.75140667 -0.26729921
v 8.12310123 5.69543695 -0.84688807
v 7.05586672 5.24472284 -1.09237528
v 7.18053198 5.44093752 -1.45181274
v 7.3814826 5.3445363 -1.47990751
v 16.28399086 11.78082657 -1.55240965
v 16.61025429 11.54604626 -1.75058722
v 16.40337944 11.36188126 -1.3276614
v 17.51278877 11.82236671 -0.93936098
v 16.28464127 11.61664104 -1.08723068
v 16.3109951 11.39573765 -0.91655403
v 12.88168812 12.64914989 -0.34100878
v 12.26723766 13.9395647 -0.08197632
v 11.95550919 12.897048 -0.28016591
v 12.77189255 12.10926151 -1.09751737
v 6.77821875 5.55862665 -0.6801011
v 7.15314293 6.1008563 0.2052308
v 7.53949881 5.19125128 0.5292784
v 12.37771606 13.92240143 -1.03212845
v 12.67973804 13.93187904 -1.05669916
v 12.05120564 13.56500626 -1.35430193
v 11.93781185 13.50910759 -0.16105662
v 15.64259148 8.34520531 11.06254673
v 15.49037838 7.20677328 10.73719406
v 16.10461998 7.62468481 10.23042202
v 15.90889263 8.58425045 10.71875286
v 13.63895416 8.03300953 10.46170616
v 15.21810246 7.39200258 8.63350105
v 14.60386276 7.13151836 8.80266762
v 16.24628067 7.64876509 9.7455101
v 16.12031364 8.28052807 9.5030899
v 15.91385651 7.91917181 8.95485783
v 15.64259148 9.1053381 9.43244267
v 13.63895416 8.44438934 9.5795002
v 21.85986328 5.66694355 0.50348836
v 20.88033295 5.44027233 -0.02407827
v 21.16838074 5.21025276 0.31949437
v 16.77809715 13.94741631 -0.56161827
v 17.04514313 13.50954437 -0.16199215
v 16.30235291 13.93204117 -1.05704677
v 15.82643509 13.69233513 -0.62338495
v 16.10144234 12.64923859 -0.34119764
v 16.16246796 12.38039017 -0.91035414
v 17.1243515 12.75385666 -0.69471836
v 7.57177305 4.9760499 0.04768585
v 8.06973267 5.30483055 0.08858773
v 8.05709839 5.46639538 -1.0448277
v 15.05604458 7.06349802 10.76907349
v 15.70431042 7.07168436 9.47641563
v 21.56757545 5.30999279 0.52982056
v 22.17224884 6.08097553 -0.64047629
v 22.07584 5.54333162 0.13531122
v 22.25439835 5.59370089 -0.66572177
v 21.48385811 7.20188618 -1.14274204
v 21.59125519 7.08954859 -1.49919283
v 8.87865257 6.74377108 -1.40656269
v 8.90046024 6.51158953 -1.27070546
v 8.36096859 5.99666166 -1.70469987
v 8.86199474 6.42345715 -1.18679571
v 8.24502468 7.29405546 -1.32592881
v 8.03393936 7.26413393 -1.16043222
v 12.33853626 12.87628174 -1.94970512
v 12.28683567 11.90245438 -1.95146048
v 11.89980698 12.84985161 -1.80776477
v 12.52138996 11.53428459 -1.62656343
v 8.11807156 6.08110857 -1.94570875
v 12.76476002 14.00867558 -0.07537761
v 13.15608788 13.69234848 -0.62341356
v 13.21594429 13.1670084 -0.24502149
v 12.84306145 12.48985577 -0.75840247
v 11.80495453 12.65204525 -0.8434146
v 12.79692841 12.25674057 -1.02455449
v 17.47836685 11.40373421 -1.17878258
v 17.02315712 11.38812256 -1.65695524
v 17.55909348 11.30394077 -0.58373785
v 17.38049698 11.05614376 -0.63415831
v 21.10207367 6.39976501 -1.96663141
v 20.79792595 6.84868813 -1.82395494
v 21.31583214 7.4071312 -0.97475511
v 20.32301331 6.8643856 -1.31068206
v 20.94534492 5.89262486 -0.74508941
v 21.33609009 5.05476332 -0.06152719
v 16.96938133 11.63861561 -1.86289358
v 16.77056313 12.4173727 -2.01569581
v 16.26242828 12.63060284 -1.86193025
v 11.74238873 11.07370472 -1.02078879
v 11.63690376 11.49622536 -1.51264322
v 11.92166901 11.18124485 -1.38923705
v 11.42434216 11.30331421 -0.58239573
v 17.23840714 13.20163918 -1.10542691
v 15.44390011 6.84241247 10.09473515
v 15.03842545 6.76192188 9.58318043
v 15.89865685 7.2232523 9.54807472
v 7.117208 5.12649822 0.19645379
v 6.84414768 5.28314781 -0.2263395
v 7.24551964 4.93457031 -0.27741596
v 6.88927317 5.56877661 0.13453895
v 21.76921654 5.92096806 -1.74448359
v 16.21807861 14.00880623 -0.07565863
v 12.57944584 11.36168098 -1.32723367
v 12.66253757 11.24284458 -0.61111856
v 12.68318272 11.49708843 -1.01774251
v 7.41117859 6.29905653 -0.58397222
v 17.56148148 11.6429987 -0.69632286
v 7.83936357 7.01755619 -1.52163351
v 7.9645257 7.20287991 -1.07258391
v 13.90525627 8.68343544 9.23570728
v 20.85662842 5.91674662 -0.34296209
v 12.4597435 13.28151226 -1.7557106
v 20.34308052 6.76467371 -1.23359513
v 15.95392513 7.03707218 9.4592905
v 15.4991684 7.21103907 8.81616592
v 14.8193388 6.65641928 9.28277397
v 15.30932903 6.70337582 9.30466938
v 21.97695923 5.35771275 -1.12716758
v 7.90344238 5.1789155 -0.81778723
v 15.24404335 9.12506676 9.1374464
v 14.98534393 8.33671093 8.66301155
v 14.54859447 6.7809577 10.04249477
v 13.70159531 7.68781948 9.76372433
v 14.00747013 7.11540461 9.9929409
v 11.74391556 13.20113087 -1.10433769
v 16.00240517 8.81264973 10.28823948
v 21.87380981 6.09641504 0.24027251
v 22.09244537 5.79972982 0.0577809
v 11.4110651 11.57780838 -0.52890635
v 12.20438099 13.94707775 -0.56089389
v 12.07184982 13.75834274 -0.11449216
v 7.5839982 5.30893803 -1.46951735
v 16.5220356 13.2817564 -1.75623226
v 15.09369373 6.76742697 9.08332634
v 17.49983215 11.85438919 -1.39482498
v 8.50230122 7.19384241 -1.43878043
v 14.06273746 7.30853558 9.09072113
v 7.09178305 5.7019887 0.50699556
v 15.24404335 8.13190746 11.26727867
v 14.77392387 7.97682619 11.30178452
v 8.15336704 5.48742723 -0.08798467
v 7.15035105 6.2538743 -0.92943639
v 15.54564571 7.93739891 8.68231678
v 17.08343315 11.01764965 -1.05573237
v 12.87629414 12.23413467 -1.32321322
v 15.16283512 6.81880426 10.35077477
v 16.10621262 12.23422527 -1.32340658
v 21.00992393 5.70222664 -1.13109279
v 8.20552254 5.7821703 -1.12891936
v 12.01291847 11.63820648 -1.86201763
v 11.43614101 11.50992298 -1.06941414
v 21.17902946 7.53632927 -1.15060461
v 17.5723114 11.57843971 -0.53025877
v 16.32089806 11.24301434 -0.61148119
v 15.82605267 13.70144176 -0.14038971
v 13.15684891 13.70145512 -0.14041863
v 8.54166031 6.80714083 -1.69948304
v 21.42764282 6.54104996 -1.99988759
v 20.38459206 7.10325527 -1.42018187
v 7.49465179 6.15224743 -1.89917445
v 16.60439873 13.92267609 -1.0327152
v 14.76407051 6.84335232 9.36994171
v 13.54544163 8.21599007 10.01001549
v 7.17382288 5.50882816 0.57581514
v 12.80860043 7.57589579 11.84117889
v 16.99211311 9.21637249 10.97560501
v 12.54109383 8.16880989 10.40006542
v 17.24259567 8.40174484 11.95573711
v 12.18819237 7.24232197 11.23752499
v 16.64151192 8.827878 10.66079044
v 15.58824921 10.5118475 3.92889094
v 14.66175747 10.38095856 3.44460368
v 15.4251194 10.93127346 2.9051981
v 12.01617432 7.63518763 11.21161079
v 12.20751667 8.00202942 10.54623222
v 12.90639973 7.24509954 11.6869278
v 16.64151192 8.15215111 12.10989189
v 16.54371262 8.4829464 12.26414394
v 14.49300289 10.07556438 4.89957094
v 14.49309921 10.13320923 4.15993929
v 14.85281658 10.16672134 4.84238815
v 16.13119888 9.06444836 10.75556946
v 12.63889408 7.83801413 10.24581242
v 12.80860043 8.25162315 10.3920784
v 14.49322701 10.44212151 3.28499913
v 14.06439304 10.57250118 3.11981106
v 14.91000843 10.77361679 2.83313966
v 13.51371956 10.36347294 4.26143551
v 13.3719759 10.64286709 3.58341098
v 14.32464981 10.38097858 3.444561
v 17.35971642 8.8306551 11.11019421
v 17.08991432 8.88557625 10.82135391
v 17.33613777 9.0993824 11.44461155
v 17.14479637 8.73254013 12.10999107
v 17.43393707 8.59631729 11.65979195
v 12.36019802 7.51819754 11.68061543
v 12.45799637 7.18740129 11.52636337
v 15.22392273 10.21973896 4.6101346
v 12.18819237 7.57477903 10.5245676
v 12.08758926 7.38411951 10.86965466
v 14.03404999 11.20510578 2.48577642
v 16.99211502 8.64303398 12.20513439
v 15.58445168 10.69456577 3.60511446
v 15.27946758 11.06961441 2.78500056
v 14.13321304 10.16676426 4.84229755
v 13.45086384 10.83913612 3.23904562
v 13.68363285 11.03143024 2.73981524
v 13.83420181 11.1461668 2.66893482
v 14.93847656 11.23981571 2.53720593
v 14.7888937 11.23846626 2.4273026
v 14.20750999 11.27414131 2.47900271
v 14.61831188 10.3374691 3.54890013
v 14.3626585 10.50441265 3.49935484
v 13.76217175 10.21982479 4.60995007
v 13.54151344 10.41999912 4.27015924
v 15.4446907 10.41988659 4.27039909
v 13.42823124 10.56564426 3.94451118
v 15.74688435 8.04004478 11.63676929
v 15.41683674 8.00709152 11.4660387
v 15.74709988 8.12428474 11.40284348
v 15.71372795 8.06760693 11.69943905
v 15.42278576 8.14523506 11.34850216
v 15.36067104 8.06008434 11.49172592
v 13.86487675 7.62188387 11.48308182
v 13.90075684 7.66674519 11.21341705
v 13.99409962 7.57529736 11.45652199
v 14.18225861 7.69895792 11.5190239
v 13.81066132 7.70919991 11.2614584
v 15.57994461 8.213727 11.30126095
v 15.76889515 8.21775341 11.41242599
v 14.20349884 7.66559458 11.44654179
v 14.17222023 7.75346279 11.21515846
v 14.24798965 7.7843523 11.37757015
v 14.14805508 7.84178448 11.19104576
v 13.89908028 7.781322 11.16285324
v 15.60203838 7.983675 11.69341755
v 14.0235672 7.63166237 11.56272507
v 15.81005859 8.12943268 11.51272869
v 15.42998695 8.00815487 11.6470356
vn -0.93188 0.15237 -0.32922
vn 0.88471 -0.44582 -0.13609
vn 0.65682 0.688 0.30862
vn -0.64138 -0.64835 -0.41021
vn -0.13328 0.93579 0.3264
vn -0.01656 -0.31161 -0.95007
vn -0.01744 0.98064 0.19505
vn 0.25888 -0.87547 -0.40809
vn -0.17669 0.4947 -0.85091
vn 0.25882 -0.87543 -0.40822
vn 0.93187 0.15399 -0.32849
vn 0.37355 0.64238 -0.66918
vn 0.28921 -0.82188 -0.49078
vn 0.42585 0.0413 0.90385
vn -0.0352 -0.38801 0.92098
vn -0.96589 -0.25318 0.05433
vn 0 0.42262 -0.90631
vn 0.9555 0.17163 0.23993
vn -0.91719 0.39802 -0.01863
vn 0.70504 -0.65923 -0.2614
vn 0.2402 0.96689 0.08621
vn 0.97338 -0.1867 -0.13293
vn -0.77019 -0.62766 0.1134
vn -0.55432 0.69668 0.45537
vn -0.38344 -0.01448 0.92345
vn 0.06506 0.86358 -0.5
vn 0.56239 -0.48545 0.66937
vn 0.80963 0.45009 -0.37671
vn 0.25882 -0.87543 -0.40822
vn -0.43379 -0.59814 0.67384
vn 0.75047 0.18713 -0.63386
vn -0.55114 -0.78502 -0.28282
vn 0.79798 0.1297 0.58857
vn -0.38792 -0.88062 -0.27208
vn -0.90465 -0.10664 0.4126
vn -0.91746 -0.37442 -0.13447
vn -0.76433 0.4999 0.4073
vn 0.93198 0.15226 -0.32898
vn 0.0001 -0.34263 -0.93947
vn 0.32397 -0.27973 0.90377
vn 0.9514 0.25379 0.17445
vn 0.0097 0.99509 -0.09852
vn -0.66077 -0.75044 0.01517
vn -0.25882 0.87543 0.40822
vn -0.96745 -0.12508 -0.21998
vn -0.93191 0.15392 -0.3284
vn 0.00014 0.45988 -0.88798
vn 0.25882 -0.87543 -0.40822
vn -0.90243 -0.05268 -0.4276
vn 0.28642 -0.84383 0.45377
vn -0.44059 -0.72598 0.52805
vn -0.77178 0.62425 0.12115
vn -0.26964 0.20701 0.94045
vn -0.09247 0.99367 0.06374
vn -0.62624 -0.72773 -0.2797
vn 0.11187 -0.94661 -0.30235
vn 0.46094 0.88735 0.01213
vn -0.03405 0.92854 0.36965
vn -0.93284 -0.15317 0.32613
vn 0.93519 -0.14759 0.32194
vn -0.79814 0.39005 0.45916
vn 0.91278 0.0444 0.40602
vn 0.38212 -0.81292 -0.43949
vn 0.25882 -0.87543 -0.40822
vn -0.66755 -0.42596 0.61068
vn 0.97204 0.22742 -0.05841
vn 0.81043 0.29899 0.50379
vn 0.18173 0.0432 0.9824
vn -0.59864 -0.51958 0.60964
vn -0.8574 -0.2722 -0.43676
vn 0.56238 -0.48545 0.66937
vn -0.14593 0.9677 -0.2056
vn 0.43228 0.7928 -0.42966
vn -0.72863 -0.22297 -0.64759
vn 0.63909 0.7187 0.27392
vn -0.3821 0.85925 0.34014
vn 0.73739 -0.66546 -0.11585
vn -0.66955 0.74217 -0.02986
vn -0.99999 0.00272 0.00182
vn 0.28113 -0.18433 0.9418
vn -0.06166 0.99374 -0.09315
vn -0.93176 0.1543 -0.32865
vn 0.34956 -0.93684 0.01189
vn 0.55429 0.69662 0.45551
vn 0.93222 0.15326 -0.32785
vn -0.28571 -0.91698 -0.27841
vn 0.93231 -0.15318 0.32763
vn 0.0079 -0.95697 -0.29008
vn 0.87 0.17631 0.46045
vn 1 0.00101 -0.00092
vn 0.54791 -0.8258 0.13359
vn 0.71406 0.70007 0.00542
vn 0.93341 -0.1586 0.32186
vn 0.99961 -0.00333 0.02789
vn 0.53977 -0.32336 0.77723
vn -0.79726 -0.59293 0.11317
vn -0.97998 -0.04882 0.19301
vn 0.72877 -0.22306 -0.64741
vn -0.83065 0.55605 -0.02858
vn -0.93188 -0.15083 0.32992
vn 0.87751 0.47866 -0.02948
vn 0.0072 0.19123 -0.98152
vn 0.32725 0.53895 -0.77617
vn -0.15911 0.40787 -0.89907
vn -0.98918 -0.07929 -0.12345
vn -0.00805 0.19122 -0.98151
vn -0.00012 -0.84767 0.53052
vn -0.00014 -0.42262 0.90631
vn 0.20795 0.85858 0.46862
vn 0.28921 0.90426 0.31413
vn -0.31918 0.29649 0.90012
vn 0.58844 0.66496 0.45996
vn 0.50016 -0.46021 -0.73352
vn 0.56443 0.81286 -0.14379
vn -0.08327 0.39473 -0.91502
vn -0.46172 0.28873 -0.83872
vn -0.37277 -0.26069 0.89055
vn -0.42009 -0.90239 0.09602
vn -0.21695 0.93704 -0.27365
vn -0.34883 0.42882 -0.83332
vn -0.38577 0.07045 0.9199
vn -0.9026 0.42751 0.05043
vn -0.0657 0.85677 -0.5115
vn 0.99998 0.00322 -0.00595
vn -0.24049 0.9668 0.0864
vn 0.034 0.92856 0.36963
vn -0.21076 -0.82216 0.52881
vn -0.93199 -0.15352 0.32837
vn 0.99989 -0.01436 0.00266
vn 0.77039 0.60263 0.20817
vn -0.09027 0.19413 0.97681
vn 0.38212 0.8592 0.34023
vn -0.65905 0.3427 -0.66949
vn -1 0.001 -0.00092
vn -0.62838 0.30721 0.71468
vn -1 -0.00137 -0.00093
vn -0.26357 0.94072 -0.2135
vn -0.81313 0.58068 -0.04041
vn 0.14897 0.97749 0.14943
vn -0.04482 0.98766 -0.15005
vn 0.8562 0.10949 0.50491
vn 0.41608 -0.90459 -0.09269
vn 0.90995 0.33956 -0.23809
vn -0.00306 -0.41223 0.91108
vn -6E-05 -0.99982 -0.01894
vn -0.47335 -0.88057 0.02332
vn -0.52533 -0.84994 0.04036
vn -0.577 -0.75489 -0.31179
vn -0.47053 0.54927 0.69058
vn -0.00971 0.99426 -0.10651
vn 0.46989 0.09976 0.87707
vn 0.43657 0.17168 0.88314
vn -0.50015 -0.46609 -0.72981
vn -0.66782 -0.34177 0.66122
vn -0.68301 -0.4647 0.56351
vn -2E-05 0.42265 -0.90629
vn -0.43852 -0.48305 0.75787
vn 0.25882 -0.87543 -0.40822
vn 0.75556 -0.6066 -0.24731
vn 0.67435 -0.72974 0.11286
vn 0.46347 -0.82826 -0.31493
vn 0.0072 0.19123 -0.98152
vn -0.51952 0.53138 0.66913
vn -0.03769 0.15319 0.98748
vn -0.00805 0.19122 -0.98151
vn 0.98257 -0.06031 -0.17585
vn 0.51641 0.77611 0.3619
vn 0.46989 0.736 -0.48735
vn 0.39574 0.49514 -0.77345
vn 0.25882 -0.87542 -0.40822
vn -0.91288 0.04451 0.40579
vn -0.93111 0.15403 -0.33062
vn 0.21958 -0.77291 0.59532
vn 0.87242 -0.37845 0.30929
vn -5E-05 0.68469 0.72884
vn -0.76879 0.49844 0.40065
vn 0.77958 -0.54311 -0.31192
vn 0.81854 -0.42042 0.39145
vn 0.2389 0.95168 -0.19297
vn 0.79218 0.6097 -0.02675
vn 0.36488 -0.87202 -0.32626
vn -0.18961 -0.35069 -0.9171
vn -0.61858 -0.00147 0.78572
vn 0.5391 0.83407 0.117
vn -0.62829 -0.74511 0.22374
vn 0.26899 -0.96261 -0.03194
vn 0.51548 -0.61155 -0.60025
vn 0.57699 -0.75496 -0.31165
vn -0.99465 -0.00685 -0.10303
vn 0.19777 0.5653 0.80083
vn -0.85918 0.26972 0.43481
vn -0.11812 -0.55111 -0.82603
vn -0 0.42262 -0.90631
vn 0.1198 0.47719 -0.8706
vn -0.47229 0.87905 0.06491
vn -0.93929 0.00829 0.34303
vn -0.35641 -0.16443 0.91975
vn 0.418 -0.30363 0.8562
vn -0.85667 0.4071 0.31685
vn 0.04727 -0.55937 0.82757
vn -0.69211 -0.43205 0.57821
vn -0.72174 0.02812 0.69159
vn -0.90069 -0.06914 -0.42892
vn -0.00306 -0.41223 0.91108
vn 0.3836 -0.92344 -0.01054
vn 0.18155 0.89509 0.40726
vn -0.12553 -0.97991 -0.155
vn 0.06213 0.97264 0.22386
vn 0.52373 -0.66154 0.53672
vn 0.85676 0.31518 0.40818
vn 0.02904 -0.16705 -0.98552
vn 0.93167 0.15169 -0.33011
vn -0.17567 0.49618 -0.85026
vn 0.30319 0.53877 -0.786
vn -0.56843 -0.44294 -0.69332
vn 0.26831 0.94864 0.16761
vn -0.20565 0.11457 -0.9719
vn -0.93157 0.1518 -0.33035
vn -0.00213 -0.49099 0.87116
vn 0.82895 -0.18227 0.52878
vn 0.94714 0.28163 0.15365
vn -0.0419 -0.97303 0.22686
vn 0.90939 -0.24865 0.33344
vn -0.01533 0.82963 -0.5581
vn 0.07912 0.77672 -0.62485
vn 0.12472 0.77019 -0.6255
vn 0.43852 -0.27006 0.85719
vn 0.01835 0.38108 -0.92436
vn 0.09157 0.84481 0.52717
vn 0.99998 0.00238 0.00634
vn 0.07468 0.86789 -0.49112
vn -0.05 -0.55478 0.83049
vn -0.42326 0.74289 0.51862
vn 0.20529 0.10973 0.97253
vn 0.79203 0.58818 0.16349
vn 0.76897 0.54334 0.33686
vn 0.03799 0.67025 0.74116
vn 0.51668 0.55915 0.64837
vn -0.94104 -0.3229 -0.10091
vn 1E-05 -0.87853 -0.47769
vn -0.56688 0.69226 0.44657
vn -0.58551 0.74705 -0.31481
vn 0.67598 0.35788 0.64418
vn 0.93174 0.15495 -0.32842
vn -0.77107 0.60263 -0.20564
vn -0.69257 0.16694 -0.70177
vn -0.76242 0.64684 -0.01777
vn 0.0072 0.19123 -0.98152
vn -0.91444 -0.37907 -0.14182
vn -0.91841 -0.31297 0.24203
vn 0.56926 -0.72961 -0.37895
vn 0.77656 0.58488 0.23425
vn -0.50015 -0.46609 -0.7298
vn -0.00602 0.8388 -0.5444
vn 0.92767 -0.18354 0.32518
vn 0.98024 0.16443 -0.10999
vn -0.00805 0.19122 -0.98151
vn -0.63116 0.77565 -0.00067
vn 0.2094 0.9739 0.08758
vn 0.84587 0.44591 0.2927
vn -0.28827 0.69976 -0.65363
vn 0.50016 -0.4602 -0.73352
vn 0.56067 -0.78021 -0.27734
vn 0.32745 -0.93542 -0.13331
vn 0.21311 0.95028 0.22704
vn -0.99995 -0.00926 -0.00469
vn -0.15313 -0.8825 0.44468
vn -0.99995 -0.0006 0.01011
vn 0.30316 -0.45709 -0.83616
vn -0.07846 -0.19725 0.97721
vn -0.96668 -0.25217 0.04395
vn -0.90813 0.30153 0.29048
vn -0.79604 -0.34757 0.49549
vn -0.45638 -0.79942 0.3907
vn -0.79908 0.20847 0.56392
vn -0.77364 0.55765 0.30086
vn 0.26899 0.64323 0.71687
vn -0.37613 0.74489 0.55105
vn -0.38002 -0.92217 0.07199
vn 0.23755 -0.50158 0.83186
vn -0.71624 -0.26389 0.64604
vn -0.99329 -0.11052 0.03398
vn -0.96968 -0.2323 0.07588
vn 0.50016 -0.46021 -0.73352
vn -0.42893 -0.87091 0.23985
vn -0.58529 0.80938 -0.04835
vn -0.426 0.67813 0.59889
vn -0.79093 -0.1066 0.60255
vn -0.79045 -0.09862 0.60453
vn 0.41969 -0.89146 -0.17077
vn 0.80372 -0.58507 -0.10826
vn -0.47344 -0.88051 0.02337
vn -0.1945 -0.85378 -0.48294
vn 0.50788 0.40888 0.75821
vn 0.26684 0.26636 -0.9262
vn 0.16404 -0.88044 0.44488
vn 0.99997 -0.00083 0.00757
vn -0.48629 -0.78889 -0.37572
vn -0.48395 -0.82889 -0.28061
vn 0.10111 0.49978 0.86023
vn 0.48401 0.63668 0.60031
vn 0.00014 0.34651 -0.93805
vn 0.41473 0.02577 -0.90958
vn 0.21109 -0.44583 -0.86987
vn -0.42338 -0.89294 -0.15297
vn -0.77388 0.60919 0.17322
vn -0.72481 0.27232 0.63284
vn 0.46803 -0.83692 -0.28376
vn 0.2696 -0.95984 0.07764
vn -0.52433 0.8499 0.05248
vn -0.16038 0.95162 0.26211
vn 0.52587 0.85035 -0.01905
vn 0.80848 0.55431 -0.19776
vn 0.28476 -0.23314 0.92982
vn 0.06256 -0.82772 0.55765
vn -0.9274 -0.31661 -0.19922
vn -0.94564 -0.12958 0.2983
vn -0.0913 0.50645 0.85742
vn 0.33985 0.51365 0.78782
vn 0.73239 0.25495 0.63135
vn 0.99526 -0.0425 0.08751
vn 0.13331 0.93577 0.32643
vn 0.55352 0.83282 -0.00494
vn -0.55804 -0.33038 0.76121
vn -0.99528 -0.04239 0.08725
vn 0.57713 0.80517 0.13645
vn 0.44613 0.83003 0.33468
vn -0.70906 -0.69506 0.11884
vn -0.00014 -0.42262 0.90631
vn 0.89375 0.06207 0.44426
vn 0.99978 0.01857 0.00935
vn -0.61107 0.72067 0.32747
vn 0.47872 0.87624 0.05509
vn -0.07202 -0.81628 0.57315
vn -0.86594 0.2679 0.42235
vn 0.24867 -0.72394 -0.64348
vn -0.78446 -0.54854 -0.28936
vn 0.52864 -0.76844 0.36061
vn -0.25572 0.79968 0.54325
vn 0.43258 0.51175 0.74228
vn 0.91831 -0.31307 0.24226
vn 0.79716 -0.59302 0.11337
vn 0.82381 -0.00977 0.56678
vn 0.25832 -0.87554 -0.4083
vn -0.70276 0.34373 0.62287
vn -0.88891 0.39064 0.23926
vn 0.13934 -0.34107 0.92965
vn 0.25882 -0.87542 -0.40822
vn -0.44313 0.28584 -0.84967
vn 0.25882 -0.87543 -0.40822
vn 0.43852 0.48305 -0.75787
vn 0.74015 0.4792 -0.47175
vn 0.50016 -0.46021 -0.73352
vn 0.87133 0.25948 0.41648
vn 0.65902 0.33356 -0.67412
vn -0.50015 -0.46608 -0.72981
vn -0.26624 0.64554 0.71582
vn -0.28615 0.8274 0.48325
vn -0.58122 0.63931 0.50345
vn -0.76338 0.22132 0.60685
vn -0.99961 -0.00322 0.02764
vn -0.9999 -0.01425 0.00241
vn -0.11008 -0.00842 0.99389
vn 0.17892 0.61192 0.77042
vn 0.75124 -0.65908 -0.03532
vn 0.37026 -0.91691 -0.14898
vn 1 0.00101 -0.00092
vn 0.84502 -0.42081 -0.32995
vn -0.23005 -0.88064 0.41419
vn -0.73493 -0.6667 -0.12403
vn 0.87281 -0.43682 -0.21769
vn 0.0072 0.19123 -0.98152
vn -0.03459 -0.81348 0.58057
vn 0.21148 -0.82208 0.52864
vn 0.07931 -0.19722 0.97715
vn -0.99555 0.09067 0.02583
vn 0.67267 -0.73886 -0.03988
vn 0.93107 -0.13024 0.34081
vn 0.10726 0.9638 0.2441
vn 0.43258 0.89757 -0.0851
vn -0.88473 -0.44572 -0.13632
vn -0.62359 -0.75016 -0.22
vn 0.31043 -0.79017 0.52845
vn -0.16924 -0.33204 0.92796
vn 0.88889 0.39054 0.23948
vn 0.56685 0.69219 0.44671
vn 0.16186 -0.94022 -0.29965
vn -0.26919 -0.95994 0.07785
vn 0.53552 -0.84451 0.0041
vn 0.62356 -0.75023 -0.21984
vn 0.25882 -0.87542 -0.40822
vn -0.83411 -0.40642 0.37294
vn -0.6781 0.72038 0.14574
vn -0.20969 0.97382 0.08775
vn 0.98122 -0.14716 -0.12471
vn -0.19735 0.56523 0.80098
vn -0.90264 -0.07329 -0.42412
vn 0.08659 0.43598 -0.89578
vn 0.3491 0.42878 -0.83324
vn 0.20144 0.20276 -0.95829
vn -0.98891 0.1481 0.011
vn -0.84428 0.50768 0.17161
vn 0.99553 0.09104 0.02504
vn -0.06231 0.97262 0.22391
vn -0.355 -0.23877 -0.90386
vn -0.42959 0.02896 -0.90256
vn -0.76242 -0.59003 -0.26567
vn -0.00805 0.19123 -0.98151
vn 0.78667 0.4125 0.45934
vn 0.37026 0.7035 0.60663
vn -0.28918 0.90429 0.31406
vn 0.16464 0.86331 0.47706
vn -0.37489 0.67835 -0.6319
vn -0.47748 0.846 -0.23728
vn -0.11172 -0.85514 0.50622
vn -0.18489 -0.97736 -0.10289
vn -0.33679 0.87215 0.35487
vn 0.06473 0.23956 0.96872
vn -0.98268 -0.06068 -0.17507
vn 0.0072 0.19123 -0.98152
vn 0.56844 -0.43735 -0.69685
vn 0.86593 0.26451 0.4245
vn -0.52109 0.8118 0.26354
vn -0.26869 0.93788 -0.2195
vn -0.42203 0.90389 0.06976
vn -0.13363 0.92037 0.36752
vn -0.04814 0.36231 0.93081
vn -0.06492 0.76582 0.63977
vn 0.43039 0.79051 -0.43572
vn 0.93108 0.15582 -0.32988
vn -0.75857 -0.63974 0.1237
vn -0.51353 -0.80598 -0.29443
vn -0.29098 0.87815 0.37973
vn 0.03017 0.17347 0.98438
vn -0.87133 0.26281 0.41438
vn -0.50015 -0.46609 -0.7298
vn 0.04604 -0.74644 0.66385
vn -0.99993 0.00031 -0.01172
vn 0.79709 -0.59359 -0.1109
vn 0.37794 -0.8932 -0.24361
vn -0.93157 0.36245 -0.02855
vn 0.06196 -0.84784 0.52663
vn -0.50015 -0.46609 -0.7298
vn -0.15441 -0.78884 0.59489
vn -0.69257 0.16694 -0.70177
vn 0.25882 -0.87543 -0.40822
vn -0.68734 0.53687 0.48921
vn 0.26491 0.95147 0.15662
vn 0.50269 -0.66836 -0.54826
vn 0.83433 -0.54964 -0.04227
vn 0.62629 -0.72749 -0.2802
vn -0.00805 0.19122 -0.98151
vn -0.06836 0.99764 -0.00675
vn -0.56137 0.81462 -0.14579
vn 0.18078 0.13705 0.97393
vn -0.93299 -0.1531 0.3257
vn 0.14649 0.46957 -0.87066
vn 0.25882 -0.87543 -0.40822
vn -0.1511 -0.45411 0.87804
vn 0.25882 -0.87542 -0.40822
vn -0.51607 0.55713 0.6506
vn -0.35151 0.60181 0.71712
vn 0.98914 -0.11745 -0.08833
vn -0.34094 0.38227 -0.85885
vn 0.26841 0.66085 0.70088
vn 0.28613 0.82736 0.48332
vn 0.81117 0.2927 0.50629
vn 0.25517 -0.23423 -0.9381
vn -0.5154 -0.61149 -0.60038
vn 0.77489 -0.62181 0.11357
vn 0.8153 0.0852 0.57274
vn 0.55214 -0.48772 0.67621
vn 0.87237 0.48746 -0.03672
vn -0.00805 0.19123 -0.98151
vn -0.79183 0.28792 0.53861
vn -0.91114 -0.0107 0.41196
vn -0.93214 0.15409 -0.32768
vn -0.75982 0.6448 0.08314
vn 0.37729 -0.83453 0.40152
vn 0.20803 -0.9735 0.09503
vn -6E-05 -1 0.00189
vn -0.59399 0.02021 -0.80422
vn 0.00014 0.45988 -0.88798
vn 0.00013 0.70303 -0.71116
vn -0.18232 0.19167 -0.96438
vn -0.49241 0.36813 -0.78868
vn -0.99555 0.09067 0.02583
vn -0.15709 -0.26534 -0.95127
vn 0.5776 -0.77368 0.26037
vn -0.51499 -0.11274 -0.84975
vn -0.00012 -0.84839 0.52938
vn 0.17302 -0.64001 -0.74863
vn 0.28358 -0.93841 -0.19739
vn -0.19159 -0.95279 -0.23555
vn -0.13874 0.39604 -0.90769
vn 0.13343 0.90146 0.41178
vn 0.95792 0.268 0.10281
vn 0.95403 0.29779 -0.03374
vn -0.08247 -0.88783 -0.45273
vn 0.10872 0.56396 -0.81861
vn 0.10726 0.80651 0.58141
vn 0.22494 0.88308 0.41179
vn 0.74135 -0.06052 0.66838
vn 0.69195 -0.12684 0.71072
vn -0.00014 -0.42262 0.90631
vn 0.89294 -0.42298 0.15407
vn 0.93224 0.15074 -0.32894
vn 0.674 -0.59087 -0.44338
vn -0.94385 -0.28552 -0.16622
vn -0.57602 -0.81495 -0.06375
vn 0.19851 0.96595 0.16596
vn 0.0618 0.99373 -0.09313
vn 0.7705 -0.54679 -0.32764
vn 1 0.00244 -0.0017
vn 0.07328 0.21261 0.97439
vn -0.18489 0.70705 0.68257
vn 0.30055 -0.4162 0.85816
vn 0.18586 -0.05911 0.9808
vn 0.32535 -0.76623 0.55411
vn 0.73274 -0.64731 0.20996
vn -0.88895 -0.02136 -0.4575
vn -0.80603 0.57736 -0.13028
vn 0.11305 0.99085 0.07378
vn 0.42046 0.89372 0.15645
vn -0.07041 0.38544 0.92004
vn 0.12856 -0.34756 0.9288
vn 0.88542 0.4636 -0.03329
vn 0.64575 0.74858 0.15041
vn 0.56315 -0.49105 0.66464
vn 0.86106 0.31171 0.40175
vn -0.34277 -0.1834 0.92134
vn -0.8688 0.17535 0.46308
vn -0.07041 0.95255 -0.29612
vn 0.10696 0.56481 -0.81826
vn 0.79173 0.28782 0.53881
vn 0.91103 -0.0108 0.41219
vn 0.14448 0.78146 -0.607
vn 0.99996 0.00594 0.00682
vn -0.03939 -0.95624 -0.28991
vn 0.18866 -0.98067 -0.05181
vn -0.18766 -0.53222 0.82554
vn 0.55355 -0.07368 0.82955
vn -0.61278 -0.31643 0.72413
vn -0.81862 -0.03144 0.57347
vn 0.59618 -0.33333 0.73038
vn 0.81847 -0.03154 0.57368
vn -0.93046 0.15474 -0.33213
vn -0.91866 -0.29921 0.25793
vn -0.14459 0.7863 -0.60069
vn -0.9999 0.0141 0.00055
vn 0.63137 -0.762 -0.14399
vn 0.62645 -0.72882 -0.27639
vn 0.91856 -0.29932 0.25816
vn 0.93198 0.15224 -0.329
vn 0.32492 -0.09618 -0.94084
vn 0.38762 -0.23936 -0.8902
vn -0.00014 -0.42262 0.90631
vn 0.19517 0.82296 0.53352
vn 0.67872 -0.11872 0.72474
vn 0.25882 -0.87543 -0.40822
vn -0.28365 0.75444 0.59191
vn -0.37798 0.76081 0.52755
vn -0.3081 0.89483 -0.32304
vn -0.41171 0.34643 -0.8429
vn 0 -0.8917 -0.45262
vn -3E-05 -0.96876 -0.24798
vn 1E-05 0.9199 0.39215
vn -2E-05 0.81267 0.58272
vn 0.49265 0.36807 -0.78856
vn 0.93335 0.15257 -0.32494
vn -0.72528 -0.65943 0.19779
vn -0.81869 -0.42033 0.39125
vn -0.99997 0.00532 0.00598
vn -0.04831 0.53024 0.84647
vn -0.97489 -0.13639 0.17602
vn 0.01458 0.82964 -0.55811
vn -0.54445 -0.82806 -0.13375
vn -0.18965 -0.97004 -0.15185
vn 0.94854 0.3073 -0.07637
vn 0.82812 0.49795 0.25743
vn -0.34381 -0.76453 0.54523
vn -0.58941 -0.78373 -0.19586
vn -0.87995 -0.46757 -0.08404
vn -0.77805 -0.5032 0.37607
vn 0.77854 -0.50291 0.37545
vn 0.41943 -0.3934 0.81812
vn -0.35311 -0.12018 0.92783
vn -0.51929 -0.45634 0.72256
vn 0.86928 0.08184 0.48749
vn 0.52588 0.532 0.66365
vn -0.84469 -0.1154 -0.52267
vn -1 0.001 -0.00091
vn 0.99336 -0.11016 0.03319
vn 0.97508 -0.13603 0.17524
vn 0.99999 0.00423 -0.0006
vn 0.31876 0.59854 0.73495
vn -0.705 -0.65949 -0.26085
vn -0.93075 -0.13058 0.34155
vn -0.34524 -0.14683 0.92696
vn 0.82902 -0.18229 0.52867
vn -0.93892 0.23793 0.24865
vn -0.95668 0.27041 0.10789
vn -0.89292 -0.3461 0.28794
vn -0.83673 0.2011 0.50935
vn 0.45391 0.76139 0.46287
vn -0.85624 0.11375 0.5039
vn -0.15292 0.96759 -0.20097
vn 0.43814 0.89628 -0.06871
vn -0.45497 0.09226 0.88571
vn 0.8567 0.40435 0.32026
vn -2E-05 -0.95233 -0.30506
vn -6E-05 -0.99982 -0.01894
vn -0.93214 0.15085 -0.32917
vn -0.67396 -0.59079 -0.44355
vn -0.49967 -0.86296 -0.07506
vn -0.82398 0.05924 0.56352
vn 0.68301 0.4647 -0.56351
vn 0.25882 -0.87543 -0.40821
vn -0.11204 -0.95106 -0.28798
vn 0.0072 0.19122 -0.98152
vn 0.94813 -0.27907 0.15219
vn 0.56729 -0.44704 0.69163
vn 0.59496 0.78812 0.15774
vn 0.39368 0.80547 0.44298
vn -0.59513 0.7879 0.15822
vn -0.39362 0.80533 0.44329
vn 0.18194 0.88925 0.41969
vn 0.93204 -0.16192 0.32416
vn -0.85342 -0.49472 -0.16409
vn -0.77812 -0.61703 0.11752
vn -0.06373 0.52585 0.84818
vn -0.09594 0.88602 0.4536
vn 0.06421 0.52588 0.84813
vn 0.09598 0.88606 0.45353
vn -0.47331 0.50742 0.72007
vn -0.45643 -0.0321 0.88918
vn 0 0.42262 -0.90631
vn 0.98974 -0.11065 -0.09039
vn -0.5337 -0.52942 -0.65945
vn -0.23876 -0.58131 -0.77786
vn 0.65851 0.68883 0.30312
vn 0.28508 0.76925 0.57183
vn 0.45545 0.76986 0.44707
vn 0.43575 0.8915 0.12392
vn -0.57222 -0.80434 -0.16002
vn 0.79402 -0.40251 -0.45555
vn 0.21878 0.93919 0.2647
vn 0.56443 0.81286 -0.14379
vn 0.47135 0.8812 0.03615
vn 0.0072 0.19122 -0.98152
vn -0.33942 0.51353 0.78809
vn -0.93199 -0.15352 0.32837
vn -0.00478 0.49971 0.86618
vn 0.43814 0.52348 0.73075
vn -0.40534 0.40244 0.82082
vn -0.77107 0.22983 0.59382
vn 0.0707 0.7745 -0.62861
vn 0.13127 0.97596 -0.174
vn 0.57496 0.25187 -0.77845
vn -6E-05 -1 0.00189
vn -0.6119 0.72046 0.32638
vn -0.98775 0.14491 0.05796
vn -0.45373 0.75825 0.46818
vn 0.86593 0.26451 0.4245
vn 0.25045 0.53353 0.80785
vn 0.49873 0.14393 0.85473
vn 0.6585 0.41615 0.62705
vn 0.73899 0.62967 0.23961
vn -0.51744 0.85563 0.01193
vn -0.15248 0.98532 0.07677
vn -0.27353 0.67781 -0.68246
vn -0.93091 0.15777 -0.32943
vn 0.88388 0.46478 0.05227
vn 0.58844 0.77978 0.21374
vn -0.03237 0.01617 -0.99935
vn 0.07655 0.23259 -0.96956
vn 0.57217 -0.8044 -0.15988
vn -0.38266 -0.78684 -0.4842
vn -0.51404 0.69205 -0.50678
vn -0.72174 0.54787 -0.423
vn 0.3894 0.22567 0.89299
vn -0.27371 0.67114 0.68896
vn -0.99999 -0.0004 0.00522
vn -0.79983 0.30033 0.51968
vn 0.83043 0.55636 -0.02924
vn 0.93302 -0.15389 0.32525
vn -0.00115 -0.84766 0.53054
vn 0.50016 -0.46021 -0.73352
vn -0.96533 -0.12346 -0.22997
vn 0.25882 -0.87542 -0.40822
vn -0.00804 0.19122 -0.98151
vn -0.10234 0.99169 0.07793
vn -0.69098 0.57315 0.44051
vn -0.40639 0.91194 0.05664
vn -0.90481 0.32244 0.27812
vn -0.63115 0.65403 0.41702
vn -0.18199 -0.97659 0.1147
vn -0.93232 -0.15146 0.3284
vn 0.18244 -0.97652 0.11456
vn 0.9323 -0.15319 0.32766
vn -0.91878 -0.19724 0.34196
vn -0.98038 0.16407 -0.10922
vn -0.86594 0.2679 0.42236
vn -0.04718 0.56007 -0.8271
vn -0.07171 0.62305 -0.77889
vn -0.99555 0.09067 0.02583
vn 0.30012 0.08015 0.95053
vn -0.52304 -0.41794 0.7428
vn 0.92736 -0.31627 -0.19995
vn 0.92865 -0.10199 0.35666
vn -0.83783 -0.42692 -0.34026
vn -1 0.001 -0.00091
vn -0.57619 -0.7637 0.29116
vn -0.15458 -0.96198 0.22517
vn 0.53381 -0.52948 -0.65932
vn 0.23888 -0.58134 -0.7778
vn -0.57659 0.26762 0.77196
vn -0.15458 0.44586 0.88166
vn -0.41445 0.79336 0.4459
vn -0.07869 0.497 0.86418
vn 0.23213 -0.94708 0.22172
vn -0.15458 -0.96198 0.22517
vn -0.20796 0.8586 0.46856
vn -2E-05 0.81709 0.57651
vn 0.7224 -0.68486 -0.09545
vn 1 0.00101 -0.00092
vn 0.42973 0.90176 0.04644
vn 0.76504 0.53771 -0.35438
vn -0.28571 -0.91698 -0.27841
vn -0.00805 0.19121 -0.98152
vn 0.45477 0.09841 0.88515
vn -0.86594 0.2679 0.42236
vn -0.45548 0.76992 0.44696
vn -0.4462 0.86936 0.21243
vn -0.95407 0.29736 -0.03635
vn -0.00805 0.19123 -0.98151
vn 0.98988 -0.08043 -0.11695
vn 0.00721 0.19122 -0.98152
vn -0.59913 0.46993 0.64823
vn -0.64987 0.71048 0.26998
vn 0.71114 0.35222 0.60846
vn 0.99996 -0.00698 -0.00561
vn -0.153 -0.04673 -0.98712
vn -0.25249 -0.94089 0.22579
vn -0.41975 -0.30074 0.85637
vn 0.63137 -0.762 -0.14399
vn 0.5576 -0.76477 0.32281
vn 0.76104 -0.63879 0.11299
vn 0.99996 -0.00525 0.00742
vn 0.29058 -0.17717 0.94031
vn 0.79442 -0.10242 0.59868
vn -0.82514 0.1237 -0.55122
vn -0.83829 0.40945 0.36003
vn 0.49412 0.38977 0.77713
vn -0.85503 0.46365 -0.23226
vn 0.39166 -0.86544 -0.31245
vn -0.43832 0.42348 0.79281
vn 0.81709 0.42201 -0.39277
vn -0.01261 -0.19063 0.98158
vn -0.59469 -0.54994 0.58643
vn -0.00011 0.422 -0.90659
vn 0.17153 -0.92179 -0.34767
vn 0.20865 0.19499 0.95836
vn -0.25272 -0.03206 -0.96701
vn 0.00041 -0.42319 0.90604
vn 0.97749 0.19487 -0.08092
vn 0.86954 -0.18786 -0.45673
vn 0.85275 0.25162 -0.45773
vn 0.3599 0.90205 0.23826
vn -0.28656 -0.91775 -0.27499
vn -0.97762 0.19451 -0.08014
vn 0.83639 0.153 -0.52634
vn -0.04531 -0.21313 0.97597
vn -0.22164 0.4613 -0.85912
vn 0.08361 -7E-05 0.9965
vn 0.08055 0.75157 -0.65472
vn -0.61098 -0.58806 -0.52999
vn 0.64215 0.75713 -0.11999
vn -0.42375 -0.72512 -0.54281
vn -0.68193 -0.48706 -0.54566
vn -0.19287 0.58541 0.78746
vn 0.01346 -0.19063 0.98157
vn 0.06855 0.01126 0.99758
vn -0.94223 0.27885 -0.18559
vn 0.50141 0.47143 0.72549
vn -0.07938 0.70648 -0.70327
vn -0.96087 -0.07943 0.26537
vn 0.71685 -0.27852 0.63919
vn -0.25882 0.87543 0.40822
vn -0.17858 -0.20399 -0.96255
vn -0.00047 -0.4227 0.90627
vn 0.92596 0.04056 -0.37544
vn -0.25882 0.87543 0.40822
vn -0.55348 -0.83283 0.00798
vn -0.50088 0.46404 0.7306
vn 0.79882 0.59076 0.11349
vn -0.33459 0.59577 -0.73014
vn -0.99284 0.02867 -0.11594
vn 0.23928 -0.86777 0.43556
vn 0.48676 -0.78492 0.38336
vn 0.97003 -0.23823 -0.0478
vn -0.25272 -0.76138 0.59702
vn -0.00083 0.42305 -0.90611
vn 0.69885 -0.53743 0.47199
vn 0.96284 0.15072 0.2241
vn -0.22111 -0.11562 0.96837
vn 0.60414 0.60595 -0.51753
vn 0.74975 -0.28032 -0.59941
vn 0.50176 0.47148 0.72522
vn -0.30875 0.01811 -0.95097
vn 0.60913 -0.26999 -0.7457
vn -0.06817 -0.48365 -0.8726
vn 0.26587 0.05049 -0.96269
vn 0.01346 -0.19063 0.98157
vn -0.13644 0.98848 -0.06554
vn 0.99274 0.02904 -0.11672
vn -0.1681 -0.72692 0.66583
vn 0.63499 -0.50086 -0.58815
vn -0.01261 -0.19064 0.98158
vn -0.5382 -0.09861 -0.83703
vn -0.50088 0.46404 0.7306
vn -0.60221 0.79774 -0.03105
vn -0.64713 -0.7543 -0.11067
vn 0.55013 -0.02334 -0.83475
vn -0.63688 -0.27807 -0.71907
vn -0.55505 -0.68608 -0.47033
vn 0.01346 -0.19063 0.98157
vn 0.85219 0.52321 0.00381
vn 0.2188 -0.90479 0.36535
vn 0.39321 -0.90369 -0.16948
vn 0.74011 -0.65299 0.16076
vn -0.64016 -0.75662 0.13311
vn -0.99236 0.11984 0.02923
vn 0.72155 0.04208 -0.69109
vn -0.54423 -0.5553 -0.62885
vn 0.13602 0.98853 -0.06564
vn -0.01261 -0.19063 0.98158
vn 0.53394 -0.68352 -0.4977
vn 0.22761 0.82041 0.52452
vn -0.88835 0.41423 0.19813
vn 0.59385 0.7823 -0.18803
vn 0.99067 -0.00948 -0.13599
vn -0.25568 0.75268 0.60672
vn -0.40108 0.84268 -0.35921
vn -0.10773 -0.34356 0.93293
vn -0.78221 -0.02394 -0.62255
vn -0.25882 0.87543 0.40822
vn -0.50088 0.46404 0.73061
vn -0.51297 0.84265 -0.16372
vn 0.33379 0.59589 -0.73041
vn -0.29574 0.483 -0.82416
vn -0.7341 -0.0081 -0.67899
vn 0.07249 -0.38069 0.92186
vn 0.73404 -0.31169 -0.60336
vn -0.00031 -0.41992 0.90756
vn 0.88813 -0.42654 0.17115
vn 0.66882 -0.4232 -0.61121
vn -0.10746 -0.93725 -0.33169
vn 0.55007 -0.83499 0.01508
vn 0.74884 0.38768 -0.53753
vn -0.24216 0.55739 -0.79415
vn 0.84547 0.45624 0.27754
vn -0.48912 0.84223 0.22673
vn 0.80033 -0.59017 -0.1057
vn 0.69018 -0.71544 -0.10861
vn 0.1726 -0.92178 -0.34717
vn -0.37086 -0.01066 -0.92863
vn -0.17858 -0.86848 0.46244
vn -0.73057 -0.55158 -0.40253
vn -0.75241 0.65788 0.03273
vn -0.83416 0.12009 -0.53828
vn 0.82257 -0.11558 0.5568
vn 0 0.42262 -0.90631
vn 0.84697 0.45251 0.27906
vn -0.50087 0.46405 0.73061
vn -0.98101 0.19188 -0.02814
vn 0.01346 -0.19062 0.98157
vn -0.86983 -0.18818 -0.45604
vn -0.03959 0.01549 0.9991
vn -0.84308 0.53729 -0.02314
vn 0.01346 -0.19063 0.98157
vn 0.09523 -0.94544 -0.31156
vn 0.53236 -0.74125 -0.40882
vn -0.19161 0.23122 -0.95384
vn -0.36271 -0.20955 -0.90804
vn 0.02651 -0.58768 -0.80866
vn 0.48647 -0.6934 -0.53155
vn 0.9502 -0.14861 0.27391
vn 0.94485 0.20536 0.25512
vn 0.58751 -0.01607 -0.80906
vn 0.50175 0.47148 0.72522
vn -0.17858 -0.20399 -0.96255
vn -0.73057 -0.66291 -0.16379
vn -0.04284 0.99903 0.01013
vn 0.50152 0.37782 -0.77829
vn -0.83593 -0.37466 0.40107
vn 0.50175 0.47148 0.72522
vn -0.96809 0.0207 0.24976
vn -0.17364 -0.88525 0.43148
vn 0.21019 -0.44331 0.87137
vn -0.25882 0.87543 0.40822
vn 0.87587 -0.47627 -0.07765
vn 0.50176 0.47148 0.72522
vn 0.92096 0.38727 -0.04317
vn 0.99705 0.07312 -0.02322
vn -0.74145 0.67025 0.032
vn -0.78023 0.62311 0.05454
vn 0.32082 0.40887 -0.85434
vn 0.29948 -0.09488 -0.94937
vn 0.10467 -0.84195 -0.5293
vn -0.23163 -0.24391 -0.94173
vn 0.92693 -0.37391 0.03152
vn 0.9287 -0.37061 0.01285
vn -0.89521 -0.42614 0.13041
vn -0.25882 0.87543 0.40822
vn -0.17858 -0.86848 0.46244
vn 0.69757 -0.64375 0.31463
vn -0.40947 -0.8411 0.3534
vn -0.92506 -0.13091 0.35656
vn -0.96804 0.11913 -0.22071
vn -0.90333 -0.29809 0.30844
vn -0.17196 0.9851 0.00099
vn -0.41484 0.70953 0.56962
vn 0.81095 -0.23894 0.53411
vn 0.48914 0.3604 0.79426
vn 0.26797 -0.52261 -0.80936
vn -0.05336 -0.71284 -0.69929
vn -0.79093 -0.53763 -0.29222
vn -0.99934 0.03522 -0.00927
vn 0.98752 -0.14864 -0.05199
vn 0.93748 -0.32833 -0.11544
vn 0.73141 0.66289 -0.16006
vn -0.50088 0.46405 0.7306
vn -0.53804 -0.77081 -0.34112
vn -0.01261 -0.19063 0.98158
vn 0.44935 -0.81205 -0.37238
vn 0.01346 -0.19063 0.98157
vn -0.52596 0.84322 -0.11112
vn -0.9939 0.11024 -0.00287
vn 0.52556 0.84341 -0.11154
vn 0.99386 0.11061 -0.00365
vn -0.11782 0.68305 -0.72081
vn 0.26518 0.5574 -0.78676
vn 0.15917 -0.92757 0.33804
vn -0.64419 -0.76434 0.02837
vn 0.29764 0.57299 -0.7636
vn 0.62019 0.01862 -0.78423
vn 0.01281 -0.7365 -0.67631
vn -0.02889 -0.45354 -0.89077
vn -0.36993 0.47728 -0.79709
vn -0.50088 0.46404 0.73061
vn 0.79734 -0.5575 0.23118
vn 0.01346 -0.19063 0.98157
vn -0.91006 0.28222 0.30356
vn -0.65954 -0.74062 -0.12838
vn -0.31336 -0.40255 -0.86009
vn -0.76864 0.27814 -0.57604
vn 0.70659 0.66571 0.23992
vn 0.93803 0.32745 -0.11348
vn 0.87299 -0.21163 -0.43942
vn 0.00152 -0.42441 0.90547
vn 0.75219 0.65816 0.03213
vn 0.07856 0.70651 -0.70333
vn 0.02651 -0.99722 0.0696
vn -0.00207 0.4296 -0.90302
vn -0.79695 -0.55779 0.23181
vn -0.01261 -0.19063 0.98158
vn 0.53078 -0.69673 -0.48254
vn -0.01261 -0.19063 0.98158
vn -0.79961 -0.51677 -0.30589
vn -0.78269 -0.53749 -0.31385
vn 0.96111 -0.07907 0.26461
vn -0.01262 -0.19063 0.98158
vn 0.81214 0.28549 0.50885
vn 0.54789 -0.6416 0.53681
vn -0.99342 -0.02633 -0.11146
vn 0.25912 0.86038 0.43888
vn 0.04248 0.99905 0.0101
vn -0.68554 0.72096 0.10129
vn -0.4077 0.90479 0.12302
vn 0.50143 0.47192 0.72516
vn -0.20059 0.1707 -0.96469
vn 0.05773 -0.35286 -0.93389
vn -0.8957 -0.15481 -0.41683
vn 0 -0.42262 0.90631
vn 0.84779 0.44928 0.28178
vn -0.50358 0.47057 0.72454
vn -0.47649 -0.69658 -0.53641
vn -0.13213 -0.73788 -0.66187
vn -0.97749 -0.14877 -0.14963
vn -0.50088 0.46404 0.7306
vn 0.50532 0.24497 -0.82743
vn 0.86424 -0.02868 -0.50225
vn 0.96625 0.07109 0.24759
vn 0.90682 -0.4207 -0.02622
vn 0.39685 -0.66479 -0.6329
vn 0.66388 -0.16934 -0.72842
vn 0.96064 -0.09361 -0.26155
vn -0.01261 -0.19063 0.98158
vn 0.25046 -0.9595 -0.12892
vn -0.20152 -0.92562 0.32033
vn -0.86463 -0.029 -0.50157
vn -0.4899 0.32653 -0.80832
vn -0.35629 0.55299 -0.75317
vn -0.81756 0.42171 -0.39212
vn -0.61536 0.78809 -0.01535
vn -0.01262 -0.19063 0.98158
vn 0.61506 0.78832 -0.01583
vn 0.01346 -0.19063 0.98157
vn -0.46924 -0.58797 -0.65886
vn -0.30153 -0.57159 -0.76312
vn 0.98166 0.16997 -0.08633
vn 0.8685 -0.36479 -0.33562
vn -0.43964 -0.76872 -0.46452
vn 0.62039 -0.65679 -0.42864
vn 0.85574 0.47884 -0.19602
vn 0.97976 0.19984 0.01169
vn -0.81785 0.42177 -0.39144
vn -0.98144 0.05894 0.1825
vn -0.12545 0.74572 -0.65434
vn 0.39885 0.60539 -0.68879
vn 0.12466 0.74577 -0.65444
vn -0.39962 0.60524 -0.68847
vn 0.02606 -0.92149 0.38752
vn -0.50088 0.46404 0.73061
vn -0.87844 -0.21947 -0.42448
vn -0.84352 -0.50466 -0.18382
vn -0.51541 -0.62965 -0.58128
vn -0.17635 -0.73872 -0.65054
vn 0.88527 -0.43289 0.17
vn -0.05736 -0.43486 0.89867
vn 0.33459 -0.90168 -0.27391
vn 0.7776 -0.60909 -0.15603
vn -0.06231 -0.51714 0.85363
vn -0.40598 -0.33545 0.85009
vn 0.76894 -0.58128 -0.26618
vn -0.27672 -0.44354 0.85247
vn -0.80815 -0.3502 0.47355
vn -0.86201 0.38344 0.33154
vn -0.0467 -0.93271 -0.35759
vn 0.36912 -0.91241 -0.17679
vn -0.47905 0.43314 -0.76348
vn -0.73054 -0.11985 -0.67227
vn -0.83088 -0.52553 -0.18291
vn -0.24815 0.86299 0.44008
vn -0.24215 0.55739 -0.79415
vn -0.60971 0.10191 -0.78604
vn -0.93745 -0.32868 -0.1147
vn -0.94295 -0.31436 -0.10964
vn -0.14248 0.50849 -0.8492
vn 0.56056 -0.00749 -0.82808
vn 0.25152 -0.75108 -0.61043
vn -0.17849 -0.97362 -0.14216
vn -0.94737 -0.14761 -0.28409
vn -0.25882 0.87543 0.40822
vn 0.00149 0.42295 -0.90615
vn -0.95699 -0.28485 0.05499
vn -0.51541 -0.85002 -0.1087
vn -0.17635 -0.97318 -0.14773
vn 0.98156 0.0593 0.18172
vn 0.81739 0.42207 -0.39209
vn 0.1307 -0.99005 0.05218
vn 0.44624 -0.79191 0.41684
vn 0.1307 -0.59641 -0.79196
vn 0.44624 -0.18971 -0.87457
vn -0.17401 0.17279 -0.96947
vn 0.24783 0.45139 -0.85722
vn -0.91285 -0.3296 0.24096
vn 0.11674 -0.55078 0.82645
vn -0.86437 -0.27786 -0.41911
vn -0.995 0.0839 -0.0541
vn -0.21818 0.61053 -0.76135
vn -0.83472 0.42405 -0.35131
vn -0.39684 -0.84472 0.3591
vn -0.21818 -0.90487 0.36552
vn 0.7934 0.57403 0.20251
vn 0.77255 0.50476 -0.38521
vn 0.55402 0.41684 -0.72062
vn 0.57896 -0.18344 -0.79445
vn 0.39062 -0.70995 -0.58599
vn 0.10499 -0.9233 -0.36946
vn 0.00913 0.41782 -0.90848
vn 0.62128 -0.78306 -0.0287
vn 0.89331 0.14666 -0.42485
vn 0.91305 -0.30336 -0.27259
vn 0.55402 0.41684 -0.72062
vn -0.25882 0.87543 0.40822
vn 0.73758 0.67035 -0.08129
vn 0.14623 -0.55212 0.82084
vn -0.77765 -0.50418 0.37559
vn -0.25882 0.87543 0.40822
vn 0.12524 0.82886 -0.54526
vn 0.61215 0.75304 -0.24125
vn -0.1896 -0.4313 -0.88206
vn -0.42053 0.31585 -0.85053
vn 0.55707 -0.29621 0.77584
vn -0.25882 0.87543 0.40822
vn 0.55401 -0.40807 -0.72564
vn 0.62547 0.47893 -0.61597
vn 0.58931 -0.43382 -0.68155
vn -0.07285 -0.64266 -0.76268
vn -0.43617 -0.60045 0.67024
vn -0.1707 -0.9038 0.39243
vn 0.95223 0.17803 0.24811
vn 0.13679 -0.73547 0.66361
vn -0.57513 0.79764 0.18162
vn -0.97301 -0.22484 -0.05188
vn 0.21019 -0.44331 0.87137
vn 0.29948 -0.78825 0.53756
vn 0.92729 -0.33676 -0.16348
vn 0.83093 -0.52522 -0.18357
vn 0.94311 0.33248 -0.00345
vn -0.16874 0.34327 0.92396
vn 0.50175 0.47148 0.72522
vn 0.76943 -0.5834 -0.26004
vn 0.96625 0.07109 0.2476
vn 0.99441 -0.0342 0.09987
vn 0.87189 0.08914 0.48153
vn 0.7031 0.64781 -0.29326
vn 0.03621 0.99718 -0.06572
vn -0.89106 0.22051 -0.39673
vn -0.51995 0.84811 -0.10182
vn 0.89066 0.22084 -0.39743
vn 0.51955 0.8483 -0.10223
vn -0.45338 0.86122 0.22967
vn 0.67138 0.7251 0.15323
vn 0.59525 -0.72158 -0.35356
vn 0.81358 -0.54531 -0.20183
vn -0.39525 0.10066 -0.91304
vn 0.26008 -0.54044 -0.80018
vn -0.05173 0.68527 -0.72645
vn 0.50176 0.47148 0.72522
vn 0.98906 -0.11104 -0.09707
vn 0.50282 0.46989 0.72552
vn 0.21922 -0.00988 -0.97563
vn 0.42674 0.3648 -0.82753
vn 0.61527 0.68485 0.39042
vn 0.9097 -0.38862 0.14634
vn 0.66702 -0.26949 -0.69459
vn 0.79442 -0.44662 -0.41162
vn -0.18656 -0.91496 -0.35783
vn -0.65315 -0.75305 -0.07943
vn -0.80831 -0.45321 -0.37581
vn -0.50088 0.46403 0.73061
vn -0.1354 0.19429 -0.97156
vn 0.23452 0.28412 -0.92967
vn -0.35371 -0.90292 -0.24417
vn 0.16271 -0.92301 0.34868
vn -0.93529 0.24433 0.25599
vn -0.07359 -0.56214 0.82376
vn -0.78221 -0.02395 -0.62255
vn -0.52988 -0.44659 -0.72096
vn -0.77765 -0.50418 0.37559
vn -0.52988 -0.83935 0.12132
vn -0.71051 0.69985 -0.07342
vn 0.50176 0.47148 0.72522
vn -0.63084 -0.19392 -0.75129
vn -0.84998 -0.35533 -0.38893
vn -0.68899 0.71525 -0.11712
vn -0.56865 0.68305 -0.45834
vn 0.84651 -0.4645 0.26011
vn 0.91991 -0.28789 0.26625
vn -0.92677 -0.37425 0.03225
vn -0.92855 -0.37095 0.01359
vn 0.68499 0.69456 0.21993
vn -0.50089 0.46404 0.7306
vn -0.16633 -0.97947 -0.11388
vn -0.04397 -0.50219 -0.86364
vn 0.50176 0.47149 0.72521
vn -0.83839 -0.17179 0.51729
vn -0.17849 -0.73473 -0.65445
vn -0.00284 -0.41926 0.90786
vn -0.69556 -0.6552 -0.29481
vn -0.89649 -0.19013 -0.40019
vn -0.85419 0.07257 0.51487
vn -0.89668 -0.39563 -0.19859
vn -0.52038 0.8141 0.25778
vn -0.63269 0.76725 0.10503
vn 0.90323 -0.42227 0.07661
vn 0.84987 -0.52031 -0.08364
vn -0.94632 -0.26062 -0.19119
vn -0.90163 -0.39776 -0.16986
vn 0.01347 -0.19063 0.98157
vn -0.88255 0.46937 0.02817
vn -0.70357 0.64755 -0.2927
vn -0.03663 0.99717 -0.06569
vn -0.26309 0.89329 0.36443
vn 0.99643 -0.03283 -0.07775
vn 0.94691 -0.2422 -0.21142
vn 0.21207 0.46958 0.85704
vn -0.25882 0.87543 0.40822
vn 0.33094 -0.85353 -0.40244
vn -0.25882 0.87543 0.40822
vn 0.25882 -0.87543 -0.40822
vn 0.25882 -0.87543 -0.40822
vn 0.23359 -0.9694 -0.07552
vn 0.10958 0.56423 -0.81832
vn 0.01706 0.32712 -0.94483
vn -0.01266 -0.80062 -0.59904
vn -0.2938 -0.90385 -0.31103
vn 0.68984 0.46334 -0.55627
vn 0.83352 0.34621 0.43057
vn -0.68983 -0.46334 0.55628
vn -0.25882 0.87543 0.40822
vn 0.26735 -0.92913 -0.25542
vn -0.96688 0.06214 -0.24755
vn 0.25882 -0.87543 -0.40822
vn -0.06994 -0.70784 -0.7029
vn 0.25882 -0.87543 -0.40822
vn 0.98437 0.16451 -0.06279
vn -0 -0.42262 0.90631
vn 0.38899 -0.43535 0.81188
vn -0 -0.42261 0.90631
vn -0.24389 -0.46815 0.84933
vn 0.31884 -0.8511 -0.4171
vn 0.63255 0.76593 0.11504
vn 0.15208 -0.85858 -0.4896
vn -0.45141 -0.87069 -0.19527
vn -0.25882 0.87543 0.40822
vn 0.72973 0.55718 -0.39628
vn -0.48941 0.24551 -0.83678
vn 0.25882 -0.87543 -0.40822
vn -0.29327 -0.90765 -0.30026
vn 0.59663 -0.80193 -0.0307
vn -0.15004 -0.97399 -0.16982
vn 0.12941 -0.9914 -0.01953
vn -0.25882 0.87543 0.40822
vn -0.80072 -0.31707 0.50825
vn -0.25882 0.87543 0.40822
vn 0.24389 -0.3497 0.90456
vn -0.42346 -0.74191 -0.51986
vn 0.05349 0.99494 -0.08502
vn 0.59204 -0.02687 -0.80546
vn -0.53397 -0.84165 -0.08067
vn -0.09893 -0.88981 -0.44549
vn -0.55289 0.06712 -0.83055
vn -0.96734 0.05628 -0.24715
vn 0.26642 -0.92848 -0.25875
vn -0.02593 -0.94648 -0.32171
vn 0.25882 -0.87543 -0.40822
vn 0.24389 0.46815 -0.84933
vn -0.25882 0.87543 0.40822
vn 0.00688 0.38465 -0.92304
vn 0.17846 -0.85836 -0.48102
vn 0.28033 -0.73633 -0.61582
vn -0.91398 -0.39371 0.09819
vn 0.25882 -0.87543 -0.40822
vn 0.25882 -0.87543 -0.40822
vn 0.84089 -0.00376 0.5412
vn 0.79904 -0.57322 0.18154
vn 0.28026 0.73629 0.61589
vn -0.65492 0.52171 -0.54671
vn 0.35811 0.28449 -0.88928
vn 0.69268 -0.45992 0.55558
vn 0.67196 -0.64157 -0.36994
vn 0.51242 0.75042 0.41748
vn 0.02123 -0.92588 -0.37723
vn 0.35414 -0.90636 -0.23041
vn -0.65683 0.70992 0.25415
vn -0.96142 -0.25835 0.09453
vn 0.25882 -0.87543 -0.40822
vn -0.24389 -0.46815 0.84933
vn -0.23369 -0.96937 -0.07558
vn 7E-05 -0.53161 -0.84699
vn 0.51656 -0.18291 -0.83648
vn -0.0288 -0.66165 -0.74926
vn 0.28562 -0.58697 -0.75756
vn -0.15472 -0.70307 -0.69408
vn -0.42572 -0.75992 -0.4912
vn -0.25882 0.87543 0.40822
vn 0.59636 -0.18763 0.78048
vn -0.25882 0.87543 0.40821
vn -0.14563 0.38242 -0.91244
vn -0.08151 0.10758 -0.99085
vn -0.37125 0.92219 -0.10833
vn -0.83046 0.34027 0.44108
vn -0.73132 0.26244 0.62952
vn 0.25985 -0.90861 -0.32696
vn -0.25882 0.87543 0.40822
vn -0.36842 -0.90788 -0.20005
vn -0.25882 0.87543 0.40822
vn 0.09427 -0.66512 -0.74076
vn -0.25882 0.87543 0.40822
vn 0.28442 -0.88286 -0.37372
vn -0.25882 0.87543 0.40822
vn 0.24447 -0.92392 -0.29427
vn -0.68729 -0.45331 -0.56758
vn 0.82628 -0.48037 -0.29412
vn -0.20013 -0.84136 0.50206
vn 0.13313 -0.39851 -0.90745
vn -0.25882 0.87542 0.40822
vn 0.9281 -0.14972 0.3409
vn -0.25882 0.87543 0.40822
vn 0.44735 0.75427 0.48057
vn 0.50733 -0.03 -0.86123
vn -0.22293 0.22867 0.94763
vn -0.14517 -0.98927 0.01636
vn 0.162 -0.2184 -0.96232
vn 0.89004 0.12374 -0.43876
vn -0.50505 -0.83799 -0.20661
vn -0.56233 -0.34073 -0.75345
vn 0.36734 -0.79931 0.47557
vn 0.33731 -0.8311 -0.44215
vn 0.05434 -0.64841 -0.75935
vn -0.25882 0.87543 0.40822
vn 0.88654 0.0151 0.4624
vn 0.48106 -0.67986 0.55351
vn -0.25882 0.87543 0.40822
vn -0.67232 -0.73835 0.05319
vn 0.44332 -0.83686 0.32114
vn -0.25882 0.87543 0.40822
vn 0.5551 -0.78275 -0.28137
vn 0.86077 -0.15087 -0.48611
f 1//1 2//1 3//1
f 4//2 5//2 6//2
f 7//3 8//3 9//3
f 10//4 11//4 12//4
f 13//5 14//5 15//5
f 16//6 17//6 18//6
f 19//7 20//7 21//7
f 22//8 23//8 24//8
f 25//9 26//9 27//9
f 23//10 28//10 24//10
f 29//11 30//11 31//11
f 32//12 33//12 34//12
f 35//13 36//13 37//13
f 38//14 39//14 40//14
f 41//15 42//15 43//15
f 44//16 45//16 46//16
f 47//17 48//17 49//17
f 50//18 51//18 24//18
f 52//19 53//19 54//19
f 55//20 56//20 57//20
f 58//21 59//21 60//21
f 61//22 62//22 63//22
f 11//23 64//23 65//23
f 66//24 67//24 68//24
f 69//25 70//25 71//25
f 72//26 73//26 74//26
f 75//27 76//27 77//27
f 78//28 79//28 80//28
f 81//29 82//29 83//29
f 84//30 85//30 86//30
f 87//31 88//31 89//31
f 90//32 91//32 92//32
f 93//33 94//33 95//33
f 96//34 97//34 98//34
f 99//35 100//35 101//35
f 102//36 10//36 103//36
f 104//37 105//37 106//37
f 29//38 4//38 107//38
f 16//39 108//39 17//39
f 109//40 110//40 111//40
f 51//41 112//41 24//41
f 113//42 72//42 74//42
f 114//43 115//43 116//43
f 19//44 21//44 117//44
f 118//45 45//45 44//45
f 119//46 1//46 3//46
f 120//47 121//47 122//47
f 82//48 123//48 83//48
f 118//49 124//49 28//49
f 125//50 126//50 127//50
f 128//51 129//51 130//51
f 131//52 132//52 133//52
f 134//53 135//53 136//53
f 60//54 59//54 137//54
f 90//55 138//55 91//55
f 139//56 140//56 141//56
f 142//57 143//57 144//57
f 145//58 58//58 60//58
f 146//59 147//59 148//59
f 149//60 150//60 151//60
f 152//61 53//61 153//61
f 8//62 154//62 31//62
f 155//63 35//63 37//63
f 41//64 156//64 157//64
f 158//65 23//65 159//65
f 160//66 161//66 162//66
f 163//67 93//67 164//67
f 40//68 39//68 165//68
f 128//69 71//69 166//69
f 115//70 167//70 116//70
f 168//71 76//71 75//71
f 21//72 20//72 169//72
f 78//73 170//73 171//73
f 172//74 173//74 2//74
f 174//75 7//75 175//75
f 176//76 177//76 178//76
f 179//77 180//77 89//77
f 131//78 181//78 132//78
f 182//79 183//79 114//79
f 76//80 184//80 185//80
f 14//81 186//81 187//81
f 119//82 188//82 1//82
f 189//83 190//83 191//83
f 192//84 193//84 194//84
f 195//85 196//85 29//85
f 96//86 140//86 197//86
f 149//87 198//87 199//87
f 200//88 201//88 202//88
f 93//89 203//89 94//89
f 87//90 204//90 88//90
f 204//91 180//91 179//91
f 143//92 142//92 205//92
f 206//93 149//93 151//93
f 154//94 207//94 208//94
f 209//95 210//95 211//95
f 3//96 64//96 11//96
f 105//97 212//97 106//97
f 213//98 107//98 214//98
f 215//99 216//99 146//99
f 146//100 217//100 218//100
f 219//101 161//101 160//101
f 220//102 215//102 219//102
f 170//103 221//103 171//103
f 222//104 223//104 224//104
f 225//105 226//105 227//105
f 141//106 226//106 225//106
f 125//107 228//107 126//107
f 229//108 230//108 231//108
f 232//109 233//109 13//109
f 234//110 175//110 235//110
f 42//111 236//111 237//111
f 238//112 51//112 50//112
f 239//113 240//113 167//113
f 72//114 239//114 73//114
f 241//115 223//115 242//115
f 242//116 123//116 243//116
f 244//117 101//117 245//117
f 246//118 247//118 197//118
f 187//119 186//119 248//119
f 121//120 188//120 122//120
f 42//121 237//121 249//121
f 250//122 118//122 44//122
f 251//123 252//123 181//123
f 253//124 204//124 252//124
f 254//125 255//125 256//125
f 257//126 255//126 254//126
f 258//127 147//127 259//127
f 148//128 147//128 258//128
f 154//129 260//129 207//129
f 174//130 261//130 262//130
f 39//131 263//131 165//131
f 234//132 174//132 175//132
f 167//133 264//133 183//133
f 183//134 264//134 114//134
f 265//135 266//135 70//135
f 267//136 102//136 103//136
f 268//137 169//137 269//137
f 268//138 118//138 250//138
f 270//139 271//139 272//139
f 273//140 274//140 275//140
f 276//141 277//141 168//141
f 277//142 278//142 276//142
f 79//143 81//143 80//143
f 81//144 24//144 28//144
f 190//145 279//145 191//145
f 280//146 281//146 279//146
f 65//147 64//147 282//147
f 283//148 284//148 285//148
f 135//149 286//149 136//149
f 253//150 252//150 251//150
f 287//151 288//151 110//151
f 287//152 110//152 109//152
f 86//153 132//153 181//153
f 85//154 289//154 86//154
f 23//155 156//155 159//155
f 22//156 156//156 23//156
f 290//157 43//157 159//157
f 41//158 159//158 156//158
f 208//159 207//159 37//159
f 208//160 189//160 5//160
f 202//161 201//161 220//161
f 220//162 91//162 215//162
f 291//163 152//163 153//163
f 149//164 292//164 293//164
f 143//165 141//165 144//165
f 294//166 151//166 55//166
f 238//167 50//167 295//167
f 78//168 171//168 296//168
f 170//169 83//169 221//169
f 81//170 83//170 80//170
f 105//171 297//171 212//171
f 298//172 3//172 299//172
f 258//173 259//173 300//173
f 62//174 94//174 301//174
f 232//175 302//175 303//175
f 104//176 106//176 177//176
f 207//177 155//177 37//177
f 209//178 211//178 304//178
f 305//179 306//179 307//179
f 195//180 194//180 196//180
f 283//181 285//181 308//181
f 17//182 173//182 18//182
f 309//183 69//183 71//183
f 230//184 40//184 310//184
f 129//185 10//185 311//185
f 127//186 312//186 35//186
f 313//187 314//187 107//187
f 315//188 313//188 6//188
f 225//189 227//189 316//189
f 317//190 316//190 318//190
f 53//191 99//191 153//191
f 319//192 99//192 320//192
f 321//193 48//193 47//193
f 322//194 222//194 224//194
f 323//195 137//195 146//195
f 323//196 146//196 148//196
f 134//197 136//197 85//197
f 324//198 133//198 325//198
f 133//199 132//199 325//199
f 326//200 327//200 328//200
f 158//201 159//201 249//201
f 237//202 158//202 249//202
f 124//203 82//203 28//203
f 81//204 28//204 82//204
f 189//205 191//205 329//205
f 330//206 315//206 331//206
f 320//207 332//207 319//207
f 318//208 333//208 317//208
f 125//209 127//209 210//209
f 230//210 229//210 40//210
f 16//211 18//211 334//211
f 29//212 107//212 213//212
f 25//213 27//213 169//213
f 221//214 335//214 171//214
f 326//215 327//215 336//215
f 328//216 337//216 338//216
f 339//217 18//217 1//217
f 1//218 172//218 2//218
f 198//219 244//219 245//219
f 149//220 244//220 198//220
f 161//221 164//221 162//221
f 164//222 340//222 162//222
f 95//223 94//223 62//223
f 95//224 341//224 342//224
f 186//225 34//225 248//225
f 307//226 32//226 34//226
f 157//227 109//227 111//227
f 343//228 156//228 22//228
f 135//229 253//229 286//229
f 253//230 344//230 204//230
f 277//231 278//231 345//231
f 274//232 275//232 346//232
f 145//233 323//233 148//233
f 203//234 93//234 347//234
f 272//235 274//235 239//235
f 272//236 271//236 274//236
f 9//237 232//237 303//237
f 193//238 192//238 9//238
f 71//239 128//239 348//239
f 231//240 228//240 125//240
f 68//241 67//241 298//241
f 119//242 187//242 248//242
f 193//243 9//243 8//243
f 196//244 30//244 29//244
f 268//245 269//245 349//245
f 123//246 349//246 243//246
f 137//247 215//247 146//247
f 59//248 215//248 137//248
f 11//249 10//249 102//249
f 297//250 11//250 212//250
f 350//251 26//251 25//251
f 242//252 49//252 241//252
f 89//253 180//253 181//253
f 252//254 351//254 181//254
f 206//255 151//255 352//255
f 294//256 352//256 151//256
f 141//257 52//257 144//257
f 54//258 256//258 52//258
f 58//259 353//259 59//259
f 163//260 164//260 161//260
f 183//261 73//261 167//261
f 239//262 167//262 73//262
f 354//263 125//263 210//263
f 354//264 231//264 125//264
f 270//265 272//265 113//265
f 113//266 74//266 182//266
f 355//267 114//267 240//267
f 182//268 114//268 355//268
f 164//269 342//269 340//269
f 162//270 340//270 356//270
f 44//271 46//271 357//271
f 358//272 44//272 357//272
f 101//273 100//273 359//273
f 245//274 247//274 246//274
f 309//275 71//275 360//275
f 360//276 71//276 348//276
f 361//277 234//277 263//277
f 265//278 176//278 178//278
f 65//279 282//279 281//279
f 300//280 362//280 258//280
f 347//281 258//281 362//281
f 316//282 227//282 318//282
f 318//283 227//283 100//283
f 240//284 116//284 167//284
f 114//285 116//285 240//285
f 117//286 21//286 250//286
f 236//287 117//287 363//287
f 328//288 289//288 85//288
f 136//289 328//289 85//289
f 364//290 200//290 202//290
f 62//291 301//291 63//291
f 65//292 281//292 280//292
f 365//293 12//293 36//293
f 366//294 271//294 184//294
f 277//295 345//295 273//295
f 84//296 180//296 204//296
f 367//297 368//297 204//297
f 10//298 12//298 365//298
f 311//299 10//299 365//299
f 93//300 369//300 370//300
f 93//301 163//301 369//301
f 120//302 339//302 121//302
f 213//303 334//303 29//303
f 214//304 108//304 16//304
f 331//305 371//305 314//305
f 177//306 106//306 266//306
f 266//307 267//307 70//307
f 139//308 141//308 57//308
f 199//309 246//309 197//309
f 67//310 372//310 119//310
f 15//311 14//311 372//311
f 295//312 373//312 78//312
f 78//313 373//313 79//313
f 76//314 185//314 77//314
f 77//315 355//315 240//315
f 138//316 217//316 374//316
f 146//317 374//317 217//317
f 149//318 291//318 292//318
f 206//319 257//319 149//319
f 361//320 38//320 260//320
f 260//321 209//321 304//321
f 13//322 233//322 14//322
f 194//323 306//323 305//323
f 128//324 166//324 129//324
f 267//325 103//325 166//325
f 375//326 205//326 142//326
f 257//327 206//327 255//327
f 348//328 128//328 231//328
f 231//329 360//329 348//329
f 7//330 154//330 8//330
f 262//331 260//331 154//331
f 48//332 322//332 224//332
f 49//333 48//333 241//333
f 133//334 324//334 336//334
f 336//335 324//335 326//335
f 47//336 350//336 25//336
f 335//337 221//337 47//337
f 308//338 376//338 17//338
f 236//339 19//339 117//339
f 287//340 238//340 377//340
f 31//341 154//341 208//341
f 4//342 208//342 5//342
f 287//343 22//343 112//343
f 22//344 24//344 112//344
f 68//345 105//345 104//345
f 298//346 299//346 68//346
f 111//347 42//347 41//347
f 41//348 157//348 111//348
f 223//349 123//349 242//349
f 123//350 223//350 83//350
f 378//351 83//351 170//351
f 78//352 80//352 170//352
f 239//353 168//353 75//353
f 276//354 168//354 239//354
f 87//355 89//355 351//355
f 89//356 181//356 351//356
f 303//357 302//357 66//357
f 302//358 15//358 66//358
f 363//359 117//359 358//359
f 358//360 158//360 363//360
f 212//361 11//361 102//361
f 212//362 102//362 267//362
f 184//363 379//363 185//363
f 271//364 270//364 184//364
f 380//365 127//365 155//365
f 127//366 35//366 155//366
f 88//367 204//367 179//367
f 88//368 381//368 89//368
f 247//369 96//369 197//369
f 97//370 96//370 247//370
f 61//371 63//371 220//371
f 160//372 220//372 219//372
f 245//373 246//373 198//373
f 198//374 246//374 199//374
f 332//375 316//375 317//375
f 332//376 317//376 319//376
f 150//377 139//377 57//377
f 56//378 150//378 57//378
f 19//379 295//379 20//379
f 295//380 78//380 20//380
f 3//381 284//381 64//381
f 64//382 284//382 283//382
f 368//383 84//383 204//383
f 368//384 85//384 84//384
f 196//385 193//385 30//385
f 193//386 196//386 194//386
f 200//387 92//387 91//387
f 147//388 200//388 259//388
f 189//389 329//389 5//389
f 5//390 315//390 6//390
f 23//391 46//391 28//391
f 158//392 46//392 23//392
f 152//393 54//393 53//393
f 254//394 256//394 54//394
f 61//395 162//395 62//395
f 162//396 356//396 341//396
f 47//397 221//397 321//397
f 83//398 322//398 221//398
f 33//399 120//399 34//399
f 29//400 334//400 120//400
f 106//401 212//401 382//401
f 106//402 382//402 266//402
f 340//403 342//403 356//403
f 341//404 356//404 342//404
f 18//405 173//405 172//405
f 18//406 172//406 1//406
f 226//407 98//407 97//407
f 141//408 98//408 226//408
f 174//409 361//409 260//409
f 361//410 174//410 234//410
f 176//411 235//411 177//411
f 235//412 9//412 303//412
f 248//413 122//413 188//413
f 119//414 248//414 383//414
f 228//415 130//415 126//415
f 311//416 365//416 312//416
f 135//417 344//417 253//417
f 367//418 135//418 134//418
f 215//419 138//419 374//419
f 91//420 138//420 215//420
f 273//421 345//421 275//421
f 275//422 345//422 346//422
f 250//423 21//423 268//423
f 21//424 169//424 268//424
f 323//425 60//425 137//425
f 145//426 60//426 323//426
f 288//427 236//427 42//427
f 236//428 377//428 19//428
f 306//429 32//429 307//429
f 195//430 29//430 32//430
f 11//431 65//431 12//431
f 12//432 65//432 280//432
f 360//433 310//433 309//433
f 165//434 69//434 309//434
f 325//435 132//435 289//435
f 86//436 289//436 132//436
f 185//437 355//437 77//437
f 182//438 355//438 384//438
f 208//439 37//439 189//439
f 37//440 190//440 189//440
f 225//441 316//441 53//441
f 320//442 316//442 332//442
f 180//443 86//443 181//443
f 84//444 86//444 180//444
f 123//445 124//445 349//445
f 82//446 124//446 123//446
f 286//447 133//447 136//447
f 327//448 336//448 133//448
f 281//449 282//449 385//449
f 308//450 385//450 283//450
f 57//451 141//451 55//451
f 294//452 55//452 141//452
f 286//453 253//453 251//453
f 131//454 251//454 181//454
f 93//455 370//455 347//455
f 370//456 258//456 347//456
f 83//457 222//457 322//457
f 83//458 223//458 222//458
f 41//459 43//459 290//459
f 41//460 290//460 159//460
f 66//461 68//461 104//461
f 303//462 66//462 104//462
f 26//463 350//463 242//463
f 26//464 242//464 27//464
f 192//465 232//465 9//465
f 232//466 192//466 233//466
f 93//467 95//467 164//467
f 95//468 342//468 164//468
f 285//469 2//469 376//469
f 308//470 285//470 376//470
f 273//471 366//471 277//471
f 168//472 277//472 366//472
f 143//473 205//473 294//473
f 294//474 141//474 143//474
f 68//475 299//475 105//475
f 299//476 297//476 105//476
f 119//477 3//477 298//477
f 67//478 119//478 298//478
f 300//479 259//479 364//479
f 259//480 200//480 364//480
f 386//481 17//481 108//481
f 17//482 308//482 386//482
f 34//483 120//483 122//483
f 34//484 122//484 248//484
f 339//485 1//485 121//485
f 121//486 1//486 188//486
f 319//487 317//487 333//487
f 319//488 387//488 99//488
f 191//489 329//489 330//489
f 330//490 191//490 388//490
f 389//491 279//491 191//491
f 389//492 279//492 281//492
f 37//493 36//493 190//493
f 12//494 280//494 36//494
f 224//495 223//495 241//495
f 48//496 224//496 241//496
f 50//497 24//497 79//497
f 79//498 24//498 81//498
f 47//499 25//499 335//499
f 171//500 335//500 25//500
f 377//501 238//501 19//501
f 238//502 295//502 19//502
f 287//503 109//503 22//503
f 22//504 109//504 157//504
f 229//505 231//505 354//505
f 229//506 354//506 210//506
f 4//507 6//507 107//507
f 107//508 6//508 313//508
f 226//509 97//509 227//509
f 100//510 227//510 97//510
f 233//511 305//511 14//511
f 14//512 305//512 186//512
f 207//513 380//513 155//513
f 260//514 380//514 207//514
f 165//515 263//515 69//515
f 263//516 176//516 265//516
f 300//517 203//517 362//517
f 203//518 347//518 362//518
f 210//519 127//519 211//519
f 304//520 211//520 127//520
f 349//521 124//521 118//521
f 268//522 349//522 118//522
f 255//523 142//523 144//523
f 375//524 142//524 255//524
f 288//525 42//525 110//525
f 111//526 110//526 42//526
f 219//527 353//527 161//527
f 163//528 161//528 353//528
f 209//529 40//529 390//529
f 40//530 229//530 390//530
f 293//531 292//531 101//531
f 153//532 99//532 101//532
f 296//533 171//533 169//533
f 171//534 25//534 169//534
f 193//535 8//535 30//535
f 30//536 8//536 31//536
f 252//537 87//537 351//537
f 252//538 204//538 87//538
f 197//539 140//539 139//539
f 150//540 197//540 139//540
f 368//541 134//541 85//541
f 367//542 134//542 368//542
f 71//543 70//543 166//543
f 267//544 166//544 70//544
f 209//545 38//545 40//545
f 260//546 38//546 209//546
f 299//547 3//547 297//547
f 297//548 3//548 11//548
f 74//549 73//549 183//549
f 74//550 183//550 182//550
f 301//551 202//551 63//551
f 63//552 202//552 220//552
f 31//553 208//553 4//553
f 29//554 31//554 4//554
f 213//555 16//555 334//555
f 213//556 214//556 16//556
f 230//557 360//557 231//557
f 360//558 230//558 310//558
f 343//559 22//559 157//559
f 157//560 156//560 343//560
f 235//561 303//561 177//561
f 177//562 303//562 104//562
f 269//563 169//563 27//563
f 242//564 243//564 27//564
f 35//565 365//565 36//565
f 312//566 365//566 35//566
f 234//567 235//567 176//567
f 263//568 234//568 176//568
f 29//569 120//569 33//569
f 32//570 29//570 33//570
f 103//571 10//571 129//571
f 166//572 103//572 129//572
f 182//573 384//573 379//573
f 184//574 182//574 379//574
f 99//575 318//575 100//575
f 99//576 333//576 318//576
f 218//577 90//577 92//577
f 218//578 92//578 200//578
f 7//579 262//579 154//579
f 7//580 174//580 262//580
f 128//581 130//581 228//581
f 231//582 128//582 228//582
f 97//583 247//583 100//583
f 100//584 247//584 359//584
f 94//585 300//585 301//585
f 94//586 203//586 300//586
f 42//587 249//587 43//587
f 43//588 249//588 159//588
f 51//589 287//589 112//589
f 51//590 238//590 287//590
f 264//591 167//591 391//591
f 264//592 391//592 114//592
f 162//593 341//593 62//593
f 95//594 62//594 341//594
f 344//595 367//595 204//595
f 367//596 344//596 135//596
f 138//597 90//597 217//597
f 217//598 90//598 218//598
f 293//599 101//599 244//599
f 149//600 293//600 244//600
f 53//601 320//601 99//601
f 53//602 316//602 320//602
f 357//603 46//603 158//603
f 358//604 357//604 158//604
f 328//605 338//605 325//605
f 325//606 289//606 328//606
f 20//607 296//607 169//607
f 20//608 78//608 296//608
f 276//609 274//609 346//609
f 274//610 276//610 239//610
f 36//611 280//611 190//611
f 190//612 280//612 279//612
f 3//613 2//613 284//613
f 2//614 285//614 284//614
f 136//615 327//615 133//615
f 327//616 328//616 136//616
f 170//617 80//617 378//617
f 80//618 83//618 378//618
f 200//619 91//619 201//619
f 220//620 201//620 91//620
f 390//621 229//621 210//621
f 209//622 390//622 210//622
f 163//623 353//623 58//623
f 369//624 163//624 58//624
f 152//625 254//625 54//625
f 291//626 254//626 152//626
f 206//627 375//627 255//627
f 375//628 206//628 205//628
f 331//629 313//629 315//629
f 314//630 313//630 331//630
f 149//631 257//631 291//631
f 257//632 254//632 291//632
f 369//633 145//633 370//633
f 145//634 369//634 58//634
f 291//635 153//635 292//635
f 292//636 153//636 101//636
f 47//637 49//637 350//637
f 350//638 49//638 242//638
f 376//639 2//639 173//639
f 17//640 376//640 173//640
f 175//641 7//641 9//641
f 235//642 175//642 9//642
f 192//643 194//643 233//643
f 233//644 194//644 305//644
f 64//645 283//645 282//645
f 385//646 282//646 283//646
f 113//647 272//647 72//647
f 272//648 239//648 72//648
f 353//649 219//649 59//649
f 219//650 215//650 59//650
f 145//651 148//651 370//651
f 148//652 258//652 370//652
f 288//653 377//653 236//653
f 287//654 377//654 288//654
f 236//655 363//655 237//655
f 363//656 158//656 237//656
f 186//657 307//657 34//657
f 305//658 307//658 186//658
f 314//659 108//659 371//659
f 371//660 386//660 108//660
f 321//661 322//661 48//661
f 221//662 322//662 321//662
f 276//663 346//663 278//663
f 345//664 278//664 346//664
f 361//665 263//665 39//665
f 38//666 361//666 39//666
f 271//667 366//667 273//667
f 271//668 273//668 274//668
f 372//669 187//669 119//669
f 14//670 187//670 372//670
f 248//671 188//671 383//671
f 119//672 383//672 188//672
f 373//673 50//673 79//673
f 50//674 373//674 295//674
f 334//675 18//675 339//675
f 120//676 334//676 339//676
f 5//677 329//677 315//677
f 330//678 315//678 329//678
f 269//679 27//679 243//679
f 269//680 243//680 349//680
f 40//681 165//681 310//681
f 165//682 309//682 310//682
f 212//683 267//683 382//683
f 266//684 382//684 267//684
f 294//685 205//685 352//685
f 205//686 206//686 352//686
f 77//687 240//687 75//687
f 239//688 75//688 240//688
f 118//689 28//689 45//689
f 46//690 45//690 28//690
f 144//691 52//691 256//691
f 255//692 144//692 256//692
f 286//693 131//693 133//693
f 286//694 251//694 131//694
f 250//695 44//695 358//695
f 358//696 117//696 250//696
f 147//697 218//697 200//697
f 146//698 218//698 147//698
f 199//699 197//699 150//699
f 149//700 199//700 150//700
f 146//701 216//701 374//701
f 215//702 374//702 216//702
f 324//703 337//703 326//703
f 326//704 337//704 328//704
f 387//705 333//705 99//705
f 319//706 333//706 387//706
f 185//707 379//707 384//707
f 185//708 384//708 355//708
f 55//709 151//709 56//709
f 151//710 150//710 56//710
f 391//711 167//711 115//711
f 391//712 115//712 114//712
f 129//713 311//713 130//713
f 130//714 311//714 126//714
f 107//715 314//715 214//715
f 214//716 314//716 108//716
f 69//717 265//717 70//717
f 263//718 265//718 69//718
f 182//719 270//719 113//719
f 184//720 270//720 182//720
f 126//721 312//721 127//721
f 126//722 311//722 312//722
f 302//723 13//723 15//723
f 232//724 13//724 302//724
f 381//725 179//725 89//725
f 88//726 179//726 381//726
f 194//727 195//727 306//727
f 306//728 195//728 32//728
f 96//729 98//729 140//729
f 141//730 140//730 98//730
f 324//731 325//731 338//731
f 324//732 338//732 337//732
f 66//733 15//733 67//733
f 15//734 372//734 67//734
f 52//735 225//735 53//735
f 141//736 225//736 52//736
f 160//737 162//737 61//737
f 160//738 61//738 220//738
f 265//739 178//739 266//739
f 178//740 177//740 266//740
f 174//741 260//741 261//741
f 262//742 261//742 260//742
f 191//743 389//743 388//743
f 245//744 359//744 247//744
f 245//745 101//745 359//745
f 301//746 364//746 202//746
f 300//747 364//747 301//747
f 304//748 127//748 380//748
f 260//749 304//749 380//749
f 76//750 366//750 184//750
f 366//751 76//751 168//751
f 392//752 393//752 394//752
f 392//753 395//753 396//753
f 397//754 398//754 399//754
f 400//755 401//755 402//755
f 403//756 404//756 405//756
f 406//757 407//757 408//757
f 409//758 410//758 411//758
f 412//759 413//759 414//759
f 415//760 416//760 417//760
f 418//761 419//761 420//761
f 421//762 422//762 423//762
f 424//763 396//763 395//763
f 425//764 426//764 427//764
f 428//765 429//765 430//765
f 431//766 432//766 433//766
f 432//767 434//767 435//767
f 436//768 437//768 438//768
f 439//769 440//769 441//769
f 442//770 443//770 444//770
f 445//771 446//771 447//771
f 411//772 410//772 448//772
f 449//773 450//773 451//773
f 452//774 453//774 454//774
f 455//775 398//775 397//775
f 456//776 457//776 458//776
f 459//777 460//777 461//777
f 462//778 463//778 464//778
f 465//779 466//779 467//779
f 468//780 469//780 470//780
f 471//781 472//781 473//781
f 474//782 475//782 476//782
f 477//783 396//783 424//783
f 402//784 401//784 478//784
f 463//785 479//785 480//785
f 481//786 482//786 483//786
f 484//787 392//787 476//787
f 485//788 486//788 487//788
f 485//789 488//789 489//789
f 490//790 491//790 425//790
f 492//791 428//791 430//791
f 493//792 492//792 494//792
f 428//793 495//793 496//793
f 404//794 461//794 405//794
f 497//795 498//795 499//795
f 500//796 413//796 501//796
f 502//797 446//797 445//797
f 503//798 447//798 414//798
f 504//799 505//799 506//799
f 480//800 507//800 508//800
f 463//801 509//801 464//801
f 417//802 416//802 510//802
f 418//803 511//803 419//803
f 497//804 512//804 403//804
f 513//805 514//805 515//805
f 406//806 516//806 407//806
f 517//807 436//807 457//807
f 518//808 519//808 520//808
f 521//809 522//809 523//809
f 524//810 525//810 526//810
f 435//811 527//811 525//811
f 528//812 467//812 453//812
f 452//813 528//813 453//813
f 474//814 529//814 475//814
f 529//815 482//815 475//815
f 530//816 531//816 432//816
f 532//817 533//817 534//817
f 448//818 535//818 536//818
f 537//819 442//819 538//819
f 539//820 459//820 540//820
f 541//821 456//821 542//821
f 441//822 440//822 543//822
f 498//823 461//823 544//823
f 448//824 545//824 546//824
f 469//825 468//825 547//825
f 548//826 549//826 550//826
f 421//827 551//827 422//827
f 500//828 501//828 552//828
f 412//829 504//829 506//829
f 553//830 554//830 511//830
f 487//831 553//831 555//831
f 556//832 557//832 558//832
f 402//833 557//833 559//833
f 436//834 438//834 560//834
f 460//835 459//835 539//835
f 561//836 413//836 502//836
f 413//837 561//837 414//837
f 562//838 423//838 527//838
f 563//839 564//839 395//839
f 479//840 402//840 559//840
f 462//841 464//841 565//841
f 448//842 537//842 535//842
f 566//843 471//843 473//843
f 523//844 522//844 567//844
f 455//845 568//845 398//845
f 569//846 426//846 496//846
f 496//847 495//847 569//847
f 497//848 441//848 498//848
f 441//849 543//849 570//849
f 433//850 482//850 431//850
f 571//851 524//851 526//851
f 542//852 540//852 459//852
f 516//853 572//853 407//853
f 494//854 573//854 574//854
f 573//855 575//855 576//855
f 515//856 514//856 403//856
f 438//857 577//857 560//857
f 558//858 465//858 467//858
f 508//859 507//859 578//859
f 495//860 493//860 494//860
f 579//861 580//861 569//861
f 516//862 406//862 437//862
f 439//863 437//863 440//863
f 520//864 397//864 509//864
f 397//865 520//865 455//865
f 422//866 550//866 423//866
f 525//867 393//867 526//867
f 510//868 416//868 581//868
f 582//869 419//869 583//869
f 481//870 483//870 584//870
f 526//871 393//871 392//871
f 488//872 485//872 487//872
f 418//873 420//873 585//873
f 586//874 587//874 513//874
f 497//875 439//875 441//875
f 392//876 394//876 395//876
f 563//877 588//877 551//877
f 447//878 547//878 468//878
f 449//879 451//879 472//879
f 589//880 584//880 590//880
f 475//881 590//881 476//881
f 558//882 467//882 578//882
f 578//883 591//883 520//883
f 546//884 547//884 592//884
f 546//885 469//885 547//885
f 490//886 593//886 491//886
f 573//887 576//887 574//887
f 412//888 506//888 410//888
f 410//889 450//889 594//889
f 518//890 528//890 452//890
f 518//891 595//891 521//891
f 425//892 491//892 426//892
f 429//893 596//893 430//893
f 413//894 500//894 502//894
f 409//895 546//895 592//895
f 559//896 557//896 556//896
f 480//897 479//897 597//897
f 476//898 392//898 533//898
f 476//899 533//899 532//899
f 486//900 598//900 599//900
f 599//901 598//901 489//901
f 600//902 508//902 509//902
f 600//903 480//903 508//903
f 450//904 449//904 594//904
f 594//905 471//905 537//905
f 398//906 400//906 601//906
f 568//907 400//907 398//907
f 602//908 580//908 579//908
f 602//909 490//909 425//909
f 603//910 443//910 536//910
f 545//911 469//911 546//911
f 531//912 604//912 432//912
f 432//913 604//913 434//913
f 489//914 582//914 583//914
f 489//915 585//915 420//915
f 510//916 581//916 605//916
f 487//917 486//917 553//917
f 504//918 606//918 505//918
f 606//919 472//919 451//919
f 570//920 543//920 607//920
f 407//921 607//921 408//921
f 462//922 565//922 601//922
f 399//923 398//923 601//923
f 397//924 608//924 509//924
f 397//925 399//925 608//925
f 527//926 423//926 609//926
f 550//927 609//927 423//927
f 549//928 548//928 551//928
f 395//929 610//929 551//929
f 477//930 424//930 434//930
f 434//931 424//931 562//931
f 611//932 516//932 437//932
f 541//933 611//933 456//933
f 442//934 470//934 443//934
f 612//935 613//935 442//935
f 421//936 423//936 562//936
f 563//937 551//937 421//937
f 561//938 502//938 503//938
f 614//939 503//939 414//939
f 529//940 530//940 482//940
f 615//941 531//941 530//941
f 522//942 452//942 567//942
f 616//943 452//943 595//943
f 512//944 544//944 403//944
f 499//945 498//945 544//945
f 436//946 458//946 457//946
f 560//947 617//947 436//947
f 405//948 560//948 577//948
f 560//949 460//949 539//949
f 458//950 540//950 456//950
f 456//951 618//951 542//951
f 531//952 474//952 604//952
f 531//953 615//953 474//953
f 402//954 478//954 557//954
f 557//955 465//955 558//955
f 619//956 467//956 466//956
f 454//957 619//957 401//957
f 437//958 439//958 513//958
f 437//959 513//959 438//959
f 494//960 492//960 573//960
f 492//961 575//961 573//961
f 620//962 552//962 409//962
f 620//963 409//963 502//963
f 605//964 581//964 554//964
f 511//965 621//965 419//965
f 414//966 606//966 504//966
f 412//967 414//967 504//967
f 603//968 536//968 535//968
f 538//969 442//969 444//969
f 459//970 607//970 407//970
f 572//971 459//971 407//971
f 501//972 412//972 410//972
f 501//973 413//973 412//973
f 586//974 497//974 587//974
f 497//975 403//975 514//975
f 395//976 551//976 588//976
f 588//977 563//977 395//977
f 475//978 482//978 589//978
f 475//979 589//979 590//979
f 479//980 462//980 601//980
f 463//981 462//981 479//981
f 539//982 540//982 458//982
f 560//983 539//983 617//983
f 496//984 596//984 429//984
f 428//985 622//985 429//985
f 406//986 440//986 437//986
f 440//987 406//987 408//987
f 443//988 470//988 469//988
f 443//989 469//989 536//989
f 570//990 607//990 498//990
f 441//991 570//991 498//991
f 433//992 524//992 571//992
f 433//993 432//993 435//993
f 488//994 487//994 418//994
f 418//995 487//995 555//995
f 591//996 528//996 520//996
f 518//997 520//997 528//997
f 471//998 566//998 537//998
f 612//999 442//999 537//999
f 507//1000 558//1000 578//1000
f 556//1001 558//1001 507//1001
f 446//1002 547//1002 447//1002
f 592//1003 547//1003 446//1003
f 571//1004 526//1004 483//1004
f 483//1005 526//1005 392//1005
f 561//1006 503//1006 614//1006
f 561//1007 614//1007 414//1007
f 529//1008 615//1008 530//1008
f 615//1009 529//1009 474//1009
f 609//1010 550//1010 393//1010
f 550//1011 549//1011 393//1011
f 513//1012 515//1012 438//1012
f 438//1013 515//1013 577//1013
f 405//1014 461//1014 460//1014
f 405//1015 460//1015 560//1015
f 495//1016 428//1016 493//1016
f 428//1017 492//1017 493//1017
f 483//1018 392//1018 584//1018
f 484//1019 584//1019 392//1019
f 482//1020 571//1020 483//1020
f 433//1021 571//1021 482//1021
f 502//1022 409//1022 592//1022
f 592//1023 446//1023 502//1023
f 512//1024 499//1024 544//1024
f 497//1025 499//1025 512//1025
f 478//1026 466//1026 465//1026
f 478//1027 465//1027 557//1027
f 430//1028 596//1028 491//1028
f 430//1029 491//1029 593//1029
f 604//1030 477//1030 434//1030
f 534//1031 396//1031 477//1031
f 403//1032 405//1032 577//1032
f 515//1033 403//1033 577//1033
f 510//1034 599//1034 417//1034
f 599//1035 415//1035 417//1035
f 519//1036 455//1036 520//1036
f 521//1037 568//1037 455//1037
f 559//1038 556//1038 623//1038
f 479//1039 559//1039 597//1039
f 444//1040 443//1040 603//1040
f 538//1041 444//1041 603//1041
f 540//1042 618//1042 456//1042
f 618//1043 540//1043 542//1043
f 470//1044 442//1044 613//1044
f 613//1045 566//1045 473//1045
f 580//1046 427//1046 569//1046
f 427//1047 426//1047 569//1047
f 468//1048 470//1048 472//1048
f 606//1049 468//1049 472//1049
f 411//1050 546//1050 409//1050
f 448//1051 546//1051 411//1051
f 554//1052 621//1052 511//1052
f 554//1053 419//1053 621//1053
f 496//1054 429//1054 622//1054
f 428//1055 496//1055 622//1055
f 419//1056 582//1056 420//1056
f 420//1057 582//1057 489//1057
f 581//1058 583//1058 419//1058
f 581//1059 419//1059 554//1059
f 501//1060 410//1060 552//1060
f 409//1061 552//1061 410//1061
f 605//1062 554//1062 553//1062
f 486//1063 605//1063 553//1063
f 574//1064 593//1064 490//1064
f 602//1065 574//1065 490//1065
f 617//1066 539//1066 458//1066
f 436//1067 617//1067 458//1067
f 505//1068 606//1068 451//1068
f 450//1069 505//1069 451//1069
f 394//1070 393//1070 610//1070
f 394//1071 610//1071 395//1071
f 452//1072 454//1072 567//1072
f 400//1073 454//1073 401//1073
f 474//1074 532//1074 604//1074
f 476//1075 532//1075 474//1075
f 611//1076 437//1076 517//1076
f 517//1077 437//1077 436//1077
f 494//1078 602//1078 579//1078
f 494//1079 574//1079 602//1079
f 576//1080 593//1080 574//1080
f 576//1081 575//1081 593//1081
f 418//1082 555//1082 511//1082
f 553//1083 511//1083 555//1083
f 410//1084 594//1084 448//1084
f 594//1085 537//1085 448//1085
f 494//1086 579//1086 495//1086
f 495//1087 579//1087 569//1087
f 611//1088 541//1088 516//1088
f 516//1089 541//1089 572//1089
f 489//1090 416//1090 415//1090
f 599//1091 489//1091 415//1091
f 611//1092 457//1092 456//1092
f 611//1093 517//1093 457//1093
f 453//1094 467//1094 619//1094
f 453//1095 619//1095 454//1095
f 485//1096 598//1096 486//1096
f 598//1097 485//1097 489//1097
f 518//1098 452//1098 616//1098
f 595//1099 518//1099 616//1099
f 448//1100 536//1100 545//1100
f 536//1101 469//1101 545//1101
f 480//1102 623//1102 556//1102
f 480//1103 556//1103 507//1103
f 506//1104 450//1104 410//1104
f 506//1105 505//1105 450//1105
f 543//1106 440//1106 408//1106
f 408//1107 607//1107 543//1107
f 486//1108 599//1108 510//1108
f 510//1109 605//1109 486//1109
f 564//1110 563//1110 562//1110
f 562//1111 563//1111 421//1111
f 449//1112 471//1112 594//1112
f 471//1113 449//1113 472//1113
f 519//1114 518//1114 521//1114
f 519//1115 521//1115 455//1115
f 585//1116 488//1116 418//1116
f 488//789 585//789 489//789
f 513//1117 587//1117 514//1117
f 587//1118 497//1118 514//1118
f 500//1119 552//1119 620//1119
f 500//1120 620//1120 502//1120
f 445//1121 447//1121 503//1121
f 503//1122 502//1122 445//1122
f 431//1123 530//1123 432//1123
f 530//1124 431//1124 482//1124
f 565//1125 399//1125 601//1125
f 565//1126 464//1126 399//1126
f 538//1127 603//1127 535//1127
f 535//1128 537//1128 538//1128
f 525//1129 609//1129 393//1129
f 527//1130 609//1130 525//1130
f 595//1131 452//1131 522//1131
f 521//1132 595//1132 522//1132
f 463//1133 600//1133 509//1133
f 463//1134 480//1134 600//1134
f 435//1135 525//1135 524//1135
f 433//1136 435//1136 524//1136
f 464//1137 608//1137 399//1137
f 608//1138 464//1138 509//1138
f 435//1139 434//1139 527//1139
f 434//1140 562//1140 527//1140
f 422//1141 548//1141 550//1141
f 551//1142 548//1142 422//1142
f 542//1143 459//1143 572//1143
f 541//1144 542//1144 572//1144
f 425//1145 427//1145 580//1145
f 602//1146 425//1146 580//1146
f 544//1147 461//1147 404//1147
f 544//1148 404//1148 403//1148
f 392//1149 396//1149 533//1149
f 534//1150 533//1150 396//1150
f 496//1151 426//1151 596//1151
f 491//1152 596//1152 426//1152
f 489//1153 583//1153 416//1153
f 416//1154 583//1154 581//1154
f 523//1155 400//1155 568//1155
f 521//1156 523//1156 568//1156
f 619//1157 466//1157 401//1157
f 401//1158 466//1158 478//1158
f 523//1159 567//1159 400//1159
f 567//1160 454//1160 400//1160
f 532//1161 534//1161 604//1161
f 534//1162 477//1162 604//1162
f 414//1163 447//1163 606//1163
f 447//1164 468//1164 606//1164
f 586//1165 513//1165 439//1165
f 586//1166 439//1166 497//1166
f 578//1167 467//1167 591//1167
f 528//1168 591//1168 467//1168
f 480//1169 597//1169 623//1169
f 597//1170 559//1170 623//1170
f 430//1171 593//1171 575//1171
f 492//1172 430//1172 575//1172
f 610//1173 549//1173 551//1173
f 393//1174 549//1174 610//1174
f 459//1175 461//1175 607//1175
f 607//1176 461//1176 498//1176
f 402//1177 601//1177 400//1177
f 479//1178 601//1178 402//1178
f 520//1179 509//1179 578//1179
f 509//1180 508//1180 578//1180
f 472//1181 470//1181 473//1181
f 473//1182 470//1182 613//1182
f 590//1183 484//1183 476//1183
f 590//1184 584//1184 484//1184
f 589//1185 481//1185 584//1185
f 589//1186 482//1186 481//1186
f 612//1187 566//1187 613//1187
f 566//1188 612//1188 537//1188
f 424//1189 564//1189 562//1189
f 424//1190 395//1190 564//1190
f 624//1191 625//1191 626//1191
f 627//350 628//350 629//350
f 630//1192 631//1192 632//1192
f 633//1193 626//1193 634//1193
f 627//1194 635//1194 628//1194
f 636//1195 635//1195 627//1195
f 637//1191 625//1191 624//1191
f 638//1196 639//1196 640//1196
f 625//1197 629//1197 641//1197
f 629//1198 642//1198 643//1198
f 644//1199 645//1199 646//1199
f 647//1200 648//1200 649//1200
f 625//1201 650//1201 651//1201
f 652//1202 653//1202 654//1202
f 655//1203 628//1203 656//1203
f 624//1204 626//1204 633//1204
f 657//1205 639//1205 630//1205
f 633//1206 658//1206 659//1206
f 628//1207 642//1207 629//1207
f 645//1208 660//1208 646//1208
f 627//1209 651//1209 650//1209
f 652//1210 654//1210 650//1210
f 636//1211 637//1211 624//1211
f 627//1212 661//1212 636//1212
f 636//1213 624//1213 635//1213
f 624//1214 655//1214 656//1214
f 631//1215 646//1215 632//1215
f 662//1216 632//1216 663//1216
f 631//1217 644//1217 646//1217
f 664//1218 649//1218 639//1218
f 637//1219 652//1219 625//1219
f 625//1220 652//1220 650//1220
f 642//1221 634//1221 626//1221
f 628//1222 658//1222 642//1222
f 648//1223 645//1223 649//1223
f 665//1224 666//1224 667//1224
f 664//1225 647//1225 649//1225
f 640//1226 639//1226 657//1226
f 624//1227 633//1227 655//1227
f 633//1228 628//1228 655//1228
f 637//1229 661//1229 652//1229
f 661//1230 637//1230 636//1230
f 648//1231 665//1231 645//1231
f 668//1232 669//1232 670//1232
f 632//1233 669//1233 668//1233
f 671//1234 672//1234 644//1234
f 649//1235 645//1235 644//1235
f 642//1236 658//1236 634//1236
f 634//1237 658//1237 633//1237
f 639//1238 631//1238 630//1238
f 639//1239 649//1239 671//1239
f 627//1240 629//1240 651//1240
f 651//1241 629//1241 625//1241
f 625//1242 641//1242 626//1242
f 629//1243 643//1243 641//1243
f 664//1244 673//1244 647//1244
f 664//1245 673//1245 674//1245
f 633//1246 659//1246 628//1246
f 628//1247 659//1247 658//1247
f 627//1248 650//1248 654//1248
f 653//1249 627//1249 654//1249
f 630//1250 675//1250 657//1250
f 640//1251 657//1251 675//1251
f 660//1252 666//1252 667//1252
f 671//1253 649//1253 672//1253
f 672//1254 649//1254 644//1254
f 632//1255 662//1255 630//1255
f 675//1256 630//1256 662//1256
f 671//1257 644//1257 631//1257
f 639//1258 671//1258 631//1258
f 676//1259 665//1259 648//1259
f 648//1260 647//1260 676//1260
f 635//1261 656//1261 628//1261
f 635//1262 624//1262 656//1262
f 638//1263 664//1263 639//1263
f 640//1264 638//1264 664//1264
f 632//1265 668//1265 663//1265
f 646//1266 660//1266 669//1266
f 632//1267 646//1267 669//1267
f 645//1268 666//1268 660//1268
f 665//1269 666//1269 645//1269
f 661//1270 653//1270 652//1270
f 627//1271 653//1271 661//1271
f 641//1272 643//1272 626//1272
f 643//1273 642//1273 626//1273
f 669//1274 660//1274 670//1274
f 667//1275 670//1275 660//1275
f 676//1276 647//1276 674//1276
f 674//1277 647//1277 673//1277
f 677//1278 678//1278 679//1278
f 680//1279 681//1279 682//1279
f 683//1280 684//1280 685//1280
f 686//1281 687//1281 683//1281
f 679//1282 678//1282 688//1282
f 680//1283 689//1283 688//1283
f 690//1284 684//1284 691//1284
f 692//1285 693//1285 694//1285
f 695//1286 678//1286 677//1286
f 681//1287 678//1287 682//1287
f 692//1288 690//1288 691//1288
f 696//1289 683//1289 685//1289
f 691//1290 684//1290 694//1290
f 692//1291 694//1291 687//1291
f 692//1292 686//1292 690//1292
f 686//1293 692//1293 687//1293
f 680//1294 697//1294 689//1294
f 689//1295 679//1295 688//1295
f 680//1296 698//1296 695//1296
f 695//1297 698//1297 678//1297
f 691//1298 694//1298 693//1298
f 693//1299 692//1299 691//1299
f 683//1300 687//1300 684//1300
f 684//1301 687//1301 694//1301
f 686//1302 685//1302 690//1302
f 685//1303 684//1303 690//1303
f 688//1304 678//1304 681//1304
f 680//1305 688//1305 681//1305
f 697//1306 680//1306 677//1306
f 680//1307 695//1307 677//1307
f 680//1308 682//1308 698//1308
f 698//1309 682//1309 678//1309
f 696//1310 685//1310 686//1310
f 696//1311 686//1311 683//1311
f 677//1312 679//1312 697//1312
f 689//1313 697//1313 679//1313
# Vertices: 698, normals: 1313, texture coordinates: 0, faces: 1316

