# File generated by ImageToStl.com - Free Image and 3D model conversion tools

o obj1
v -114.40002441 94.70940399 58.62744904
v -127.23461151 83.8754425 32.04618454
v -111.75379944 76.90374756 71.90470123
v -46.3041153 134.67863464 -6.56011057
v -29.6313324 102.72110748 31.20680809
v -54.81453705 62.71656799 -41.5047226
v -56.48609543 101.34062195 115.59921265
v -49.60123062 99.71398926 75.43804169
v -57.49794388 105.51861572 83.14485168
v -108.48223877 54.88487625 51.61060715
v -116.16201782 48.7708931 16.89563179
v -102.49993134 39.03773117 14.14636993
v -55.45363998 90.91119385 233.24620056
v -82.10708618 101.16833496 228.32904053
v -80.38677979 78.28132629 244.89152527
v -27.16679001 39.60734558 204.58755493
v -126.19468689 35.26579666 179.31681824
v -25.94137955 43.90356827 180.83990479
v -122.98143005 113.05738068 26.0015049
v -96.40019226 111.97812653 -43.30820084
v -115.94962311 49.07735062 -3.37770414
v -49.42277145 52.42399597 -29.26629829
v -56.04107666 52.54857635 -36.21825027
v -126.94974518 79.49895477 211.27099609
v -124.96928406 31.18072701 203.10173035
v -78.85984039 78.53380585 142.95437622
v -88.37249756 73.59553528 143.4367218
v -96.01983643 92.94672394 150.58818054
v -49.99602127 56.04380035 124.30827332
v -65.98204041 60.47614288 137.1993103
v -64.02873993 36.17198944 113.706604
v -29.64767647 66.42121887 24.77665138
v -39.29243469 49.07550049 -3.36721516
v -77.63150787 111.54047394 84.20383453
v -85.40054321 118.1895752 62.77429962
v -97.76506805 105.51958466 83.13934326
v -95.77546692 141.03860474 -13.87349033
v -77.61544037 136.70471191 -28.78030777
v -90.21875763 129.45083618 -35.32565689
v -27.86893463 79.33307648 195.43739319
v -49.10955048 84.76132965 153.95275879
v -59.34336853 38.65032959 138.37779236
v -63.49714279 65.65746307 142.80194092
v -10.07790852 73.35286713 -39.96073914
v -27.95159149 118.05191803 -28.99912834
v -12.54555511 104.5660553 -28.12285042
v -4.92300701 102.82575989 -8.60819244
v 2.99073458 70.36917877 -6.5033555
v 21.8520546 2.66783094 -33.10047531
v -91.50234985 42.86679459 72.09285736
v -85.40054321 41.23051834 49.20434189
v -43.16162491 64.27062988 61.29478455
v -46.77458572 54.88338852 51.61903763
v -39.08560181 48.76903534 16.90616608
v -127.3193512 118.06972504 -28.95538902
v -145.17463684 73.37281799 -39.95565796
v -138.76895142 113.47232056 -25.54204559
v -138.97737122 104.42308044 11.53962135
v -158.21537781 70.3418808 -6.49164248
v -172.99385071 -1.4281795 -23.14351273
v -121.56529999 86.14195251 168.73312378
v -109.55482483 79.55339813 153.03445435
v -116.83028412 30.44139099 155.96954346
v -125.3769455 25.83815956 177.76971436
v -91.12139893 35.9123497 137.89503479
v -33.63448334 37.60950089 157.23348999
v -49.96615982 78.55882263 128.25616455
v -60.94402313 91.91590881 130.64801025
v -63.67730331 71.52640533 135.7118988
v -89.13972473 39.96640396 121.48390961
v -91.60172272 60.13407898 133.69915771
v -105.28063965 56.04513168 124.30071259
v -123.76902771 68.71728516 117.59014893
v -127.4156189 78.78733826 112.80488586
v -264.21575928 -136.35946655 6.79706717
v -111.90219879 57.91851807 112.02427673
v -243.18640137 -149.12043762 5.26133585
v -111.91246796 49.05525589 98.36719513
v -19.18140984 70.36518097 -42.62293243
v -43.95142746 104.45497894 -33.61812973
v -2.09538102 -8.95137787 -24.78263283
v -35.89444733 72.02527618 8.63382244
v -41.32110977 54.56990814 -10.01792336
v -114.74360657 29.05388069 220.3157196
v -37.73431778 73.22229004 225.12513733
v -38.88162613 83.70794678 224.19538879
v -52.58984756 80.13735199 237.53862
v -77.61471558 62.1359787 -47.19329453
v -59.33530045 67.10829163 -46.49488449
v -58.82790756 111.97721863 -43.30305862
v -67.282341 123.57636261 -40.20925903
v -62.9314537 134.36509705 -29.19077682
v -43.37260437 57.30604172 111.11343384
v -43.36779785 51.84228897 103.73951721
v 85.06639862 -138.60832214 -18.57691193
v 99.55140686 -124.36042023 -26.48014259
v -43.33713913 62.15611649 85.9900589
v -43.23006821 81.0867157 91.61565399
v -66.05910492 111.92247009 201.22463989
v -56.6615715 108.70604706 175.29718018
v -82.49606323 113.3335495 184.94059753
v -38.88162994 93.26593781 169.98928833
v -64.6555481 95.64905548 151.06463623
v -145.43177795 62.20842361 5.79335928
v -163.08061218 -6.21756268 -19.77988052
v -114.77747345 95.43037415 -36.28621292
v -152.97912598 -3.89399004 -45.60302353
v -162.90405273 0.91689098 -49.0349884
v -103.53334045 99.97332001 -27.72380829
v -120.87715912 95.94216156 16.78238106
v -113.8967514 54.57352448 -10.05933952
v -130.71459961 127.70000458 -9.98983479
v -120.90946198 126.49201965 -20.99269295
v -89.13973999 94.65637207 131.12722778
v -105.31049347 78.56015778 128.24859619
v -91.60173798 71.52708435 135.70805359
v -109.96694946 90.64840698 80.50820923
v -105.27589417 95.86082458 114.64016724
v -43.80545425 60.53852844 84.97858429
v -43.80131149 58.05679321 115.15478516
v -50.01918793 44.45830917 105.60237885
v -55.49524689 112.33070374 61.74545288
v -40.85680771 94.70762634 58.6375351
v -120.35301208 83.26577759 113.37708282
v -122.03726959 86.37979889 100.47385406
v -127.56140137 81.49866486 96.4834671
v -123.81216431 81.16022491 92.25814056
v -258.82290649 -131.58380127 -10.01803493
v -89.28353119 48.01358414 -34.95147324
v -99.19182587 52.54961395 -36.22416687
v -90.26717377 64.24477386 -46.82658768
v -27.74703979 71.38996887 115.36779022
v 108.96394348 -129.14189148 -7.40609169
v -20.56389809 69.63332367 106.18848419
v -27.71575737 81.91452789 97.25571442
v 108.97847748 -124.25159454 -15.82198143
v -31.46488953 81.87124634 93.01698303
v -75.23238373 19.79456139 237.30871582
v -113.90831757 19.6475029 218.65678406
v -45.009758 24.11026382 228.06022644
v -121.56530762 76.58396149 222.9392395
v -120.93006897 66.05419159 223.86114502
v -109.55480957 65.05143738 235.27922058
v -69.85627747 41.23014069 49.20646667
v -59.06076813 37.80363083 23.64642715
v -48.88352585 74.65490723 -25.16342926
v 2.31196666 -1.4143014 -48.31237411
v -6.28364897 -7.99515724 -35.50510406
v -2.10639763 66.46678162 1.09124553
v 13.25644016 -3.91301703 -20.29320335
v 20.8179512 0.89937901 -27.57961845
v 95.22945404 -140.57421875 -3.49428248
v -23.12948608 126.48171997 -2.74565387
v -19.97754478 111.16362 12.065938
v -9.0063715 111.75535583 -6.41346979
v -48.63306808 123.41674042 -15.45193863
v -34.36036682 126.47971344 -21.04134941
v -47.51160812 116.69339752 -26.77223396
v -106.35826874 74.68089294 -25.1870842
v -119.31118774 62.26964951 -36.83293152
v -119.31938934 72.00366211 8.61715984
v -129.879776 74.17194366 12.31835461
v -157.68992615 -7.98167706 -21.36263657
v -43.27459717 66.10327148 117.4012146
v -24.10214806 77.79837036 106.98400116
v -31.13264656 85.4340744 105.84814453
v -44.29483414 68.0107193 122.21479034
v -62.52672577 65.82987213 134.70759583
v -83.42168427 52.07787704 132.27980042
v -111.92058563 49.73712158 92.52505493
v -241.06762695 -144.04928589 -7.86394358
v -264.23062134 -132.06814575 -1.93944013
v -77.62102509 144.19659424 13.40378952
v -57.49433899 142.22343445 3.38087654
v -77.6184845 145.55258179 -4.93120384
v -39.11479568 122.37804413 29.64205742
v -39.49121857 128.89500427 10.23421669
v -47.40822983 137.1690979 2.30443931
v -98.9330368 109.09007263 200.72521973
v -128.23344421 73.46270752 178.16572571
v -126.94973755 84.89038086 180.69465637
v -111.93761444 61.0042572 86.6237793
v -63.95336151 63.53668594 154.59962463
v -76.42750549 48.71088028 151.98545837
v -78.81942749 75.63525391 156.73294067
v -91.78256226 63.22040176 142.3722229
v -28.31735039 121.25952148 10.07923603
v -38.91959 121.19905853 9.41576576
v -51.72570419 99.94262695 -27.72770691
v -35.87722015 110.94854736 15.48180389
v -105.43790436 40.49321365 5.00453138
v -96.43263245 83.51134491 -48.32000351
v -105.81203461 52.425354 -29.27401161
v -63.23914719 90.63695526 -49.61014557
v -91.98825073 90.63764954 -49.61408615
v -92.14881897 112.97783661 -44.71068954
v -97.74507141 142.22442627 3.37536812
v -111.46022797 60.54015732 84.9693222
v -98.78598785 38.99718475 104.60041046
v -111.4727478 58.0584259 115.14550781
v -111.53546143 86.11014557 112.59775543
v -96.01983643 76.77241516 242.31724548
v -63.44322586 67.75132751 243.19960022
v -131.26757812 116.66529846 11.6220293
v -140.36424255 115.03780365 4.51930571
v -106.6305542 123.43109131 -15.41801643
v -116.32329559 121.17829132 9.45461845
v -118.76559448 75.353302 118.68257141
v -112.03185272 86.43884277 103.64585876
v -112.04686737 80.28115082 90.91514587
v 20.74446106 3.62457991 -38.80438232
v 7.68818951 0.89699203 -48.96864319
v -80.58655548 80.42697906 137.27888489
v -75.2744751 75.94503021 147.15762329
v -84.4199295 74.13539124 146.8372345
v -80.00746918 52.06671524 142.94656372
v 99.50952911 -138.44143677 -2.24758697
v -43.50751495 76.90209961 71.91404724
v -106.85594177 104.3813324 174.53460693
v -118.28647614 98.36053467 198.83331299
v -106.74980164 86.49154663 232.46691895
v -24.37861061 99.9863205 16.4907589
v -30.8763485 112.895401 15.81617641
v -30.43094254 81.88932037 179.65155029
v -25.08782387 34.47901535 179.2933197
v -46.26873398 105.96047211 186.66146851
v -136.07139587 70.39376068 -42.62846756
v -35.93218994 62.23778534 -36.80477524
v -34.34477997 95.97431946 16.76965904
v -56.48610687 38.99617004 104.60619354
v -63.76066208 42.8661232 72.09664917
v -77.63832855 37.71311951 121.08822632
v -177.05659485 2.66050196 -33.15371323
v -172.87727356 3.63186336 -43.87831116
v -148.31619263 104.5604248 -18.94491768
v -51.22655106 43.93664169 -14.05591297
v -60.86133194 47.74085617 -30.02168274
v -57.05149078 45.42159653 -27.57138443
v -65.94993591 48.01301956 -34.94827652
v -43.2761116 85.81046295 98.76942444
v -43.27184296 85.55678558 108.16812897
v -80.38677216 95.24508667 148.6852417
v -57.14552307 134.52970886 31.12447357
v -69.85627747 118.18920135 62.77642441
v -67.14723969 137.4839325 31.64396477
v -254.76042175 -145.27548218 12.59185696
v -153.09568787 -8.95401764 -24.86821938
v -148.91635132 -7.982656 -35.5928154
v 7.89186096 -6.20291185 -19.70530891
v -75.23238373 37.72000504 135.64862061
v -76.41740417 50.98483658 138.42431641
v -86.5252533 53.9173851 140.40164185
v -56.78172302 123.99835205 -35.74573135
v -58.25946426 142.40997314 -5.48260212
v -77.63832855 96.90911102 131.52609253
v -64.02872467 100.88195038 125.11672974
v -91.24599457 100.88259888 125.11302948
v -70.20917511 106.93888092 116.58438873
v -104.83752441 42.60882187 -14.4659605
v -105.20262909 42.76894379 -4.16942787
v -97.5887146 46.64399338 -26.70376968
v -130.79534912 124.19431305 4.37562943
v -112.79924011 124.98245239 0.97404742
v -111.03197479 126.61374664 -5.96506977
v -125.35459137 129.14128113 -7.77052736
v -67.23880768 71.49398041 -49.41271973
v -105.45500183 18.90233612 227.14186096
v -37.39245605 35.71841812 221.49087524
v -106.74979401 98.71068573 163.16860962
v -88.10012817 137.48445129 31.64109612
v -99.76157379 112.33177185 61.73937607
v -98.10184479 134.53070068 31.11885834
v -116.13275146 122.3799057 29.63152313
v -96.97750854 142.41090393 -5.48790407
v -98.44785309 123.99935913 -35.75143051
v -105.84757996 134.51173401 -14.66654491
v -36.51122284 74.23464966 118.97184753
v -38.51285934 85.23200226 111.27864075
v -43.32305145 75.6160965 117.63249207
v -31.50704384 67.69154358 117.41931915
v -141.74197388 117.36932373 -15.22283268
v -115.76853943 100.58300018 -6.62153244
v -140.78482056 115.81247711 -18.96834755
v -152.91314697 74.97848511 -33.92040634
v -119.23842621 91.89883423 -8.76028442
v -141.73957825 113.46537018 -20.69425774
v -146.27540588 109.93125916 -13.91390419
v -42.45254898 124.99111176 0.93347681
v -29.9065361 129.14720154 -7.82577896
v -44.22620392 126.61316681 -6.00617599
v -43.73653793 86.10851288 112.60700989
v -49.99620056 95.85949707 114.64772034
v -112.09739685 64.27229309 61.28535843
v -77.63150787 40.14929962 71.61561584
v -70.20918274 33.39857101 103.61725616
v -114.83181763 84.76863098 94.31360626
v -28.19157219 83.66586304 33.55477905
v -100.41641998 62.71766281 -41.51097107
v -98.18412018 45.42258835 -27.5770092
v -58.79546738 83.51043701 -48.31485367
v -91.32633972 61.17824173 154.18379211
v -116.93243408 60.05540848 0.02315111
v -107.75679779 116.72039795 -26.74533844
v -43.34458923 54.98815918 87.28381348
v -43.36114883 49.41704178 96.87133789
v -107.83112335 137.17054749 2.29616904
v -112.001297 67.13291168 117.68307495
v -116.98035431 68.94718933 119.20023346
v -111.95389557 76.63870239 117.25019836
v -68.15194702 71.71572876 146.41288757
v -37.84602356 67.88781738 105.15859222
v -19.31775665 70.50775909 102.75584412
v -23.8970623 78.15603638 103.23503876
v -34.45240784 66.24861908 96.31189728
v -71.85735321 52.07760239 132.28137207
v -87.12999725 56.2959938 143.69129944
v -119.11807251 64.83264923 105.26876068
v -134.71212769 69.86971283 106.25106812
v -131.36936951 75.14911652 108.85230255
v -131.17478943 78.07074738 106.4751358
v -134.72254944 72.87572479 100.13121796
v -117.44024658 71.07540894 99.20375824
v -24.54737663 127.70656586 -10.04757309
v -13.51784992 117.37637329 -15.27701378
v -13.52215672 113.46598053 -20.74384117
v -40.12615204 99.17185211 -10.48541927
v -8.97891331 109.94258881 -13.96287155
v -36.03028107 95.88828278 -3.28004146
v -11.79898834 115.20313263 -12.16393185
v -92.18309784 82.84467316 -50.06708908
v -95.22116089 65.01335907 242.71685791
v -79.3321991 65.94367218 245.44602966
v -50.40180588 42.60750961 -14.45850945
v -49.80685806 40.49187469 5.0121398
v -46.26873779 101.33913422 212.87043762
v -31.51024246 90.97438812 197.53091431
v -56.66156006 100.03231812 224.48840332
v -146.2431488 111.73516083 -6.36240244
v -97.39029694 39.41454315 114.27364349
v -85.06291199 33.3989296 103.615242
v -119.35475159 110.91881561 15.51095963
v -124.35652924 112.86225891 15.85152149
v -130.84594727 99.94847107 16.51597595
v -33.72564316 92.9225235 182.11091614
v -67.02424622 55.59757996 140.69792175
v -121.54711914 63.16790771 99.13856506
v -116.70360565 70.70513916 102.83256531
v -25.33249855 74.2042923 12.32422256
v -39.47443008 100.58452606 -6.63570881
v -9.03741646 109.18037415 -17.75801468
v -36.00097275 91.89994812 -8.76694775
v -125.60124969 66.42353058 24.7635231
v 91.24680328 -129.34646606 -27.43689919
v -55.4536438 103.13034058 163.94790649
v -36.14313126 69.47042847 96.60483551
v -36.15738678 64.67536163 104.85684204
v -45.35993576 60.79389191 -18.60905647
v -59.45927429 141.03771973 -13.86851788
v -51.08937836 114.42162323 -23.46320915
v -246.49810791 -137.95884705 -13.1704092
v -43.28033829 82.69755554 113.08870697
v -84.91651917 49.57397461 -35.46786499
v -70.31672668 49.57362366 -35.46586609
v -117.43206787 93.56027985 -11.65514278
v -119.20724487 95.8807373 -3.26870728
v -96.18922424 37.80452728 23.64134789
v -86.76826477 38.00889587 29.60557365
v -101.7440033 40.45973969 14.02250862
v -52.74739838 39.03652954 14.15317917
v -53.50323105 40.4585762 14.02910328
v -68.66707611 75.29325867 143.73608398
v -69.24598694 78.20470428 136.88865662
v -85.06291962 106.93923187 116.58236694
v -106.8559494 95.7075882 223.72589111
v -116.96405029 95.24806213 211.7964325
v -70.86205292 53.8763504 143.26693726
v -115.13148499 87.23397064 105.14768219
v -88.97821045 68.66904449 145.8727417
v -92.75231171 65.83060455 134.70344543
v -143.45709229 115.19138336 -12.11096764
v -129.26330566 82.55203247 196.0458374
v -43.80504608 87.80994415 89.78726196
v -33.72564316 87.53108978 212.68731689
v -110.98068237 68.01232147 122.20567322
v -111.50881195 79.80345154 118.95994568
v -104.17507172 114.44689941 -23.44178009
v -112.31523895 132.83447266 1.95389712
v -88.08283234 71.02949524 155.92082214
v -109.86838531 60.81004715 -18.6462841
v -77.62614441 36.1762619 31.72451782
v -68.48335266 38.00845718 29.60807419
v -111.99726105 83.38595581 112.22351074
v 24.05436707 3.36737013 -32.03195953
v 22.93847275 1.17712283 -25.17457581
v 29.47539139 -25.69289017 -24.62810516
v 13.66762352 -5.3878274 -14.12942219
v 23.0220089 4.62503624 -38.65407181
v -7.38998795 -11.18964767 -25.00944901
v -254.68746948 -132.22944641 -14.57357216
v -247.9785614 -135.11941528 -17.6397419
v -248.38102722 -144.79283142 -28.8025589
v -242.80418396 -168.80072021 -45.06792831
v -257.98291016 -172.33795166 -28.445755
v -259.42456055 -164.0534668 -35.20999527
v 104.30614471 -145.95748901 -40.5743103
v 76.51902771 -158.86433411 -50.33228302
v 98.31169128 -143.95426941 -41.78224945
v 70.42800903 -165.71585083 -21.86773109
v 80.09515381 -148.82595825 -42.51345444
v 66.13887787 -150.05197144 -46.52427673
v -172.95672607 -43.3150444 11.02697659
v -179.56738281 -44.44811249 -19.75813103
v -165.65475464 -49.30038452 8.24674225
v -175.85783386 -24.67341423 2.06731963
v -151.1114502 -29.47249031 -13.91664696
v -175.72563171 -18.24716759 -8.92026424
v 1.11241376 -37.94859695 19.32456017
v -10.50999355 -25.19278336 25.27320099
v -5.97057486 -42.54171371 16.32676315
v 13.78662682 -22.62047768 -49.07157135
v 7.43724537 -34.05125427 -42.20321274
v -3.60363936 -31.74388695 -34.49417114
v -175.88916016 -40.44812393 -32.92629242
v -174.73371887 -46.67304611 -22.94550133
v -149.56338501 -11.18873692 -22.20694733
v -43.05195999 34.32801819 171.09867859
v -71.12645721 -14.67202663 162.45863342
v -106.07883453 13.74828434 167.46995544
v -45.50161362 31.97027206 183.23590088
v -52.47763443 29.54935074 193.45095825
v -51.79673386 2.53960848 186.92277527
v -83.7252121 2.87958169 137.55477905
v -99.81582642 -1.31156278 153.21704102
v -96.18044281 13.20590973 144.17939758
v -43.05194473 34.32806015 171.09870911
v -107.4144516 28.78260803 170.12091064
v -89.23406982 -16.85906029 162.05001831
v -244.38798523 -149.79240417 8.42968464
v -259.66192627 -162.8106842 1.89071536
v -245.66270447 -167.80514526 -6.8016715
v -236.04934692 -159.88969421 -13.7823267
v -232.22525024 -163.68789673 -19.39505768
v -13.62823105 -42.00997543 11.70835686
v -15.94159794 -41.99142838 2.08237958
v -10.27377605 -48.13977051 -0.96294898
v 9.90912247 -26.32964897 12.78684521
v -15.6432972 -34.97024918 -4.15282249
v -19.69005394 -31.99974251 0.89936322
v 96.8119278 -162.25250244 -45.48336411
v 70.99234009 -167.73959351 -49.75340271
v 109.74363708 -143.26998901 -6.91699505
v 95.50914001 -140.90759277 -2.16369152
v 95.53813171 -161.50648499 -13.7293396
v 27.5478096 -23.16096306 -18.39882851
v 9.64419365 -34.94197464 15.30203915
v 23.38106155 -42.95028305 -16.04479027
v 15.43980885 -25.78282166 -2.04801989
v 60.63193512 -164.36746216 -20.97228432
v 51.89089966 -147.10368347 -44.23325729
v 52.44178009 -157.6438446 -44.28479004
v 45.42686462 -156.53259277 -35.22631836
v 106.0855484 -133.69932556 -2.18124199
v 98.09646606 -124.53404999 -28.33283424
v -214.91038513 -142.84397888 -46.51731491
v -221.22573853 -161.16523743 -47.3938942
v -237.95329285 -157.9981842 -49.69828796
v -225.60694885 -164.53898621 -24.16742516
v -236.85609436 -146.2964325 -43.24557877
v -245.37937927 -147.58425903 -35.41703033
v -150.9440918 -23.30745506 27.91852188
v -158.66795349 -30.35342407 25.61223984
v -158.71203613 -39.66000748 20.21165848
v -167.25039673 -23.47311211 -48.55770874
v -152.73320007 -32.1884346 -30.90968895
v -162.54190063 -34.62969589 -40.10122681
v -44.87899399 3.42176509 154.05163574
v -64.78630066 -11.67022133 146.03541565
v -60.96962357 4.84019136 137.90048218
v -45.50159454 36.26369095 158.88700867
v -62.91796494 37.7989769 141.40510559
v -270.29144287 -140.63664246 -5.37297821
v -269.67129517 -155.12635803 -20.40094566
v -270.51083374 -156.34863281 -2.0894053
v -255.11210632 -145.44003296 13.89502048
v -181.44743347 -6.64809465 -41.61812973
v -174.58200073 -21.11833191 -48.54673386
v -185.31135559 -27.23070908 -32.85062027
v -185.59132385 -21.51111794 -20.44648743
v -147.85688782 -9.77574253 -30.52923775
v -158.62399292 -14.06459904 -48.88593674
v -178.93434143 2.15403843 -27.87237549
v -155.4515686 -2.232867 -48.17505646
v 85.81555176 -132.31526184 -29.36681557
v 82.44844818 -157.12504578 -17.37140656
v 83.9407196 -144.18011475 -10.40374279
v -97.98879242 25.62815285 192.759552
v -104.96482086 26.84697342 182.33256531
v -93.84356689 -1.08311117 186.28398132
v -141.12535095 -25.49549103 20.8280201
v -153.3740387 -44.9162178 11.84338474
v -146.64749146 -40.39327621 7.70023203
v -138.57235718 -23.92326736 10.51940823
v -142.32919312 -30.63416672 6.51865387
v -168.58467102 -14.17073536 20.07638931
v -211.12667847 -155.44410706 -25.08781242
v -231.58804321 -142.71327209 -44.772892
v -219.47789001 -162.81414795 -26.40276527
v -209.94763184 -147.67675781 -43.09602356
v -207.35374451 -152.095047 -37.31317902
v -222.62672424 -168.94920349 -40.74575806
v -84.19793701 -1.37549043 192.80186462
v -87.99736023 -10.08000374 179.66957092
v -71.90674591 -9.8554306 186.50282288
v -89.70681 -11.54586983 163.03285217
v 69.57515717 -176.70803833 -35.41947937
v 71.30501556 -174.80523682 -44.1006279
v 90.08557892 -172.92800903 -41.06926727
v 47.67993927 -160.73332214 -24.95720291
v 50.78759003 -164.79446411 -35.20727158
v 4.74439049 -48.08511734 -25.67398643
v 1.97902453 -53.22377396 -4.84480667
v 9.40692806 -46.25337219 9.22855759
v -71.43400574 -7.24334955 140.5736084
v -87.52462769 -9.79150295 146.91795349
v -42.61581421 1.63349068 165.33370972
v -52.90756989 -13.72917843 162.60191345
v -7.72172165 -9.203722 -33.38293457
v 5.64021111 -12.84205627 -50.10161591
v -6.60611773 -22.23949051 -22.36030388
v -11.20553875 -34.27739716 -11.09749413
v 21.10089111 -20.59266663 -47.77269363
v 2.79583049 -0.94772786 -49.10454178
v -173.13269043 -23.19337845 13.25310516
v -158.76013184 -20.30829811 28.59146881
v 107.29021454 -160.72753906 -18.11477661
v 87.19947052 -170.36378479 -21.79477501
v 95.15262604 -172.75334167 -28.70044136
v 111.67018127 -131.07807922 -26.40273476
v 116.85174561 -145.33895874 -21.16094589
v 109.21218872 -148.56452942 -37.55436707
v -267.28222656 -138.17340088 -10.97173119
v -262.30328369 -147.43325806 -27.0702095
v -171.7746582 -3.97116852 -15.13410187
v -244.62301636 -175.50466919 -20.80836487
v -229.4838562 -172.49655151 -28.85996819
v -24.51871109 -26.50389671 7.97245216
v -20.73172379 -27.64933014 18.57130623
v 0.39549276 -20.50809097 24.27476311
v 92.26468658 -127.72767639 -29.7218132
v -236.72993469 -148.89035034 -3.93867707
v 16.11224174 -20.17163658 -8.34244442
v -207.77561951 -154.96160889 -30.68525696
v -219.83164978 -167.86257935 -32.92703629
v -228.46487427 -172.83125305 -39.27626801
v -150.85404968 -44.31040573 -3.34424067
v -163.04725647 -47.61724091 -22.53751183
v -145.67330933 -33.79575348 1.08304036
v -61.44235992 0.58510399 193.14756775
v -75.2332077 25.94573784 202.42318726
v 11.92764664 -51.53032303 -13.52081776
v 19.29061317 -40.86880112 -33.45666504
v -220.9372406 -138.84869385 -46.71638107
v -226.32598877 -136.83654785 -43.60089874
v 110.95761871 -126.16033936 -9.74402428
v 107.88638306 -122.30295563 -20.39557457
v 68.18604279 -173.5809021 -27.14723587
v -167.0977478 2.8167634 -49.46845627
v -176.78585815 4.69977427 -41.38145065
v -163.75679016 -51.45109177 -1.2606262
v -152.04005432 -46.53596497 4.18056822
v 27.27820587 -6.88032579 -38.92169571
v 29.02404213 -28.10360146 -31.04974174
v 14.66409397 3.65802026 -48.24652481
v -87.5484314 35.67682266 141.03094482
v -50.66927719 17.1271286 144.87078857
v -65.25904083 -12.14728355 179.85635376
v -76.67693329 -15.6139183 168.16467285
v -83.61165619 -13.81998253 162.60890198
v -264.03387451 -168.94932556 -20.0719738
v -258.13998413 -169.24331665 -6.35560131
v -253.91899109 -175.17022705 -25.61380005
v 65.15506744 -157.47338867 -50.00747299
v 54.84726715 -159.59542847 -18.25892639
v 57.38056183 -143.56336975 -43.88216019
v -178.80805969 -35.22669601 5.55730677
v -43.69326019 15.90831184 155.29780579
v -10.18943691 -45.41438675 -8.41597748
v -7.7969718 -37.69120407 -19.43772316
v -243.64079285 -155.16522217 -46.10340881
v -168.01373291 -22.79062462 23.35404015
v 52.15373993 -160.58760071 -19.76508141
v -265.91659546 -132.21286011 0.73495394
v -268.83703613 -148.04144287 4.88594866
v -182.7049408 -41.22942352 -16.27780342
v -83.13890839 -19.14102936 161.67063904
v -76.20420074 -18.92658615 155.83633423
v -70.65371704 -19.99307442 161.520401
v -178.88182068 3.92025661 -34.93946838
v 107.59600067 -162.6658783 -32.91721344
v 57.30825043 -168.60520935 -41.60523224
v -53.38031387 -8.41600323 163.58473206
v -43.08855057 6.95451498 166.27197266
v -100.28855896 0.04293578 176.65071106
v -233.81895447 -170.12052917 -46.05569839
v -61.58236313 12.39951611 197.53764343
v -233.49914551 -151.13044739 -49.57431793
v 2.43392348 -51.73578262 4.9631958
v -73.42485809 16.80951118 135.20718384
v -235.86346436 -169.01722717 -18.59789085
v -151.17750549 -37.26027298 -15.05070019
v -103.15646362 10.78497696 154.39445496
v -102.07901001 -3.48984456 164.43040466
v 4.65380859 -17.54563141 19.41048241
v -23.79964828 -25.38516426 4.70915318
v 70.06780243 -154.616745 -49.12771225
v 114.33130646 -149.32522583 -15.87559605
v -58.50844193 -17.01888657 162.04484558
v -58.9811821 -11.69783974 162.98309326
v -107.4144516 28.78258896 170.12091064
v -263.77682495 -138.25538635 10.56735706
v -87.54843903 25.31168365 199.81440735
v -173.63502502 -31.62361336 16.29401207
v -20.13889694 37.46356201 220.34338379
v -8.33240032 43.55547714 191.74287415
v -136.73762512 33.74913406 182.66340637
v -5.55162573 33.47101212 194.85272217
v -113.34862518 26.87254906 177.96343994
v -19.30237961 34.72713089 180.80093384
v -139.90074158 18.55196571 211.7742157
v -139.90074158 23.44126511 184.04554749
v -37.95262909 35.68033218 221.48153687
v -131.99887085 27.82577133 218.64396667
v -77.6184845 38.67436218 -23.77671051
v -89.28353119 48.01359177 -34.95146561
v -77.61638641 48.44758987 -37.42388916
v -68.18313599 36.48312759 30.04636383
v -77.62368774 32.72108841 13.16996288
v -59.06076813 37.80363846 23.64642715
v -96.18922424 37.80453873 23.64134789
v -106.10021973 41.43519211 -4.32536411
v -80.79956055 33.71568298 -3.16526866
v -49.80685806 40.49188232 5.0121398
v -73.33976746 34.09687424 -6.00915575
v -57.05149078 45.42160416 -27.57137871
v -26.30996132 27.25741959 219.63317871
v -14.56362724 28.80377769 216.78149414
v -6.38813162 41.08919525 206.70939636
v -146.44082642 29.92126846 199.48356628
v -113.34862518 19.69612122 218.6630249
v -131.16233826 18.40968895 216.98365784
v -27.1464901 43.72574234 181.29823303
v -11.400527 44.0009346 187.67076111
v -104.09645081 43.98670197 -14.06449318
v -98.18412018 45.42259598 -27.57700348
v -88.51280975 36.66108704 -15.23698997
v -143.80540466 28.41349602 209.36235046
v -145.60430908 20.50520134 197.82324219
v -142.96891785 18.99741745 207.70205688
v -51.14292526 43.98542404 -14.05724812
v -124.9912796 35.29548645 179.81175232
v -131.16235352 25.08932877 179.10153198
v -87.06867981 36.48358154 30.04379463
v -84.87763214 49.66282272 -35.57149887
v -65.94993591 48.01302719 -34.94827271
v -60.87514877 47.77082443 -30.06571579
v -86.76478577 38.030159 29.69070816
v -104.67133331 41.91444778 5.04170513
v -80.85494995 34.56347275 -8.80143261
v -74.30517578 37.48552322 -5.47653151
v -10.56399822 29.69555855 213.73910522
v -53.45326233 40.48074722 13.99542522
v -49.90332794 42.84627533 -4.13275528
v -77.62042999 34.54824829 -10.32706165
v -68.48685455 38.02971649 29.69320107
v -55.54261017 24.94859695 211.10377502
v -58.72415924 24.93870163 205.75520325
v -50.65031815 25.58276749 210.48641968
v -58.8082695 26.15633583 209.2930603
v -50.84266281 28.29562759 201.17381287
v -58.95623398 27.28017616 202.84487915
v -98.47896576 20.79692268 207.93995667
v -97.22556305 21.99732399 201.76365662
v -89.84638977 22.19567871 205.63145447
v -99.78767395 22.56388283 209.02030945
v -89.31880188 23.71026039 207.79338074
v -90.7390213 24.63657188 201.82446289
v -91.63500977 22.98209763 210.75605774
v -96.7551651 22.42142296 211.35612488
v -93.35903168 20.8448143 209.51750183
v -49.09029388 25.58473778 207.24810791
v -54.01433563 26.9481411 200.31285095
v -48.45824814 27.98176193 204.15518188
v -49.7416153 26.81715584 210.1133728
v -91.90203094 22.94299126 201.40304565
v -94.89607239 24.57854271 200.05911255
v -100.47335052 23.39729691 203.94833374
v -53.85853577 26.14593506 211.8458252
v -58.19075394 25.66284561 202.96263123
vn -0.91288 0.14802 0.38045
vn 0.93171 0.06347 -0.35761
vn 0.63909 0.76511 0.07857
vn -0.52533 -0.81053 0.25897
vn 0.07792 0.58831 0.80487
vn 0.08716 -0.98106 -0.17299
vn -0.93156 0.06211 -0.35823
vn 0.65742 -0.40851 -0.63319
vn -0.99791 -0.04819 0.04313
vn -0.18979 0.27348 -0.94297
vn 0.3752 -0.62846 0.68137
vn 0.93196 0.06153 -0.3573
vn -0.28365 0.88194 0.37648
vn -0.21695 0.83429 -0.50685
vn 0.9979 0.03078 0.05706
vn 0.41089 0.20858 -0.8875
vn 0.3603 0.35556 -0.86241
vn 0.9678 0.24074 0.07352
vn -0.51353 -0.85472 -0.0758
vn 0.77008 -0.57696 0.2722
vn -0.39777 0.36596 -0.84134
vn -0.63725 -0.04725 0.76921
vn -0.77586 0.07752 -0.62612
vn 0.08716 -0.98106 -0.17299
vn 0.40228 0.16952 0.89969
vn -0.37655 -0.51313 0.7713
vn -0.69348 0.08865 0.715
vn 0.66105 -0.62963 0.40813
vn 0.03807 0.28097 -0.95896
vn -0.57738 -0.50556 0.64112
vn 0.08716 -0.98106 -0.17299
vn 0.67213 0.13804 0.72745
vn 0.17835 -0.54015 -0.82245
vn 0.47005 0.53072 -0.70526
vn -0.53 -0.68151 0.50462
vn -0.35492 0.26816 -0.89561
vn 0.15147 0.98616 -0.06744
vn 0.51895 0.57263 -0.63466
vn -0.40884 -0.22509 0.88441
vn 0.31303 -0.03136 -0.94922
vn 0.93145 -0.074 0.35628
vn -0.43698 0.76483 -0.47338
vn -0.37759 0.21841 0.89985
vn -0.77388 0.63326 0.00965
vn 0.91745 -0.39651 -0.03274
vn 0.76897 0.59967 0.22154
vn -0.53172 0.80484 0.26364
vn -0.56164 0.61988 -0.54801
vn -0.16794 -0.58869 -0.79072
vn 0.79101 0.18156 0.58425
vn 0.56465 0.65196 -0.50609
vn 0.08716 -0.98106 -0.17299
vn -0.70746 0.01918 0.70649
vn 0.46073 -0.83302 0.30627
vn -0.71837 -0.29121 -0.63177
vn 0.71147 -0.0575 0.70036
vn 0.56465 0.65196 -0.50609
vn -0.65627 -0.66555 0.35546
vn 0.70163 0.56463 0.43463
vn -0.36485 0.78421 -0.5019
vn 0.78625 -0.33092 -0.52182
vn 0.21786 -0.43245 0.87494
vn -0.99999 0.00526 0.00133
vn 0.50725 0.56398 0.65163
vn 0.56746 -0.03045 0.82284
vn -0.37177 -0.51372 0.77323
vn 0.84606 -0.52877 -0.06772
vn -0.66982 0.6182 -0.41131
vn 0.13331 0.98837 0.07312
vn 0.56685 0.78422 0.25234
vn -0.08716 0.98106 0.17299
vn -0.90296 0.18705 -0.38689
vn 1 0.00083 -0.00129
vn 0.81035 -0.2709 -0.51956
vn -0 0.17365 -0.98481
vn -0.36238 0.19995 -0.91033
vn -0.02828 0.92973 0.36714
vn -0.93146 -0.06455 0.35808
vn -0.57222 -0.81835 0.05361
vn -0.93208 0.06264 -0.35678
vn 0.00014 0.21439 -0.97675
vn -0.9323 0.06374 -0.35603
vn -0.13328 0.98838 0.07308
vn -0.91142 0.20655 0.35588
vn -0.84282 -0.53636 -0.04446
vn -0.98891 0.1459 -0.0277
vn 0.88471 -0.46586 -0.01607
vn -0.59111 0.21595 0.77714
vn 0.31207 -0.19104 0.93065
vn -0.61057 0.37984 0.69493
vn 0.93178 -0.0644 0.35728
vn -0.36204 0.46794 0.8062
vn 0.99999 0.00368 -0.00296
vn 0.70307 0.30009 -0.6447
vn 0.36208 -0.90529 -0.22216
vn -0.30688 0.21623 0.92686
vn -0.00014 -0.17365 0.98481
vn 0.49989 -0.74922 -0.43449
vn 0.56236 -0.11772 0.81847
vn 0.79716 -0.54347 0.26299
vn 0.89375 0.17494 0.41305
vn -0.71235 0.68187 -0.16615
vn -0.59925 0.1377 0.78863
vn 0.32189 -0.21023 0.92314
vn -0.05432 0.57605 0.81561
vn 0.84052 0.19508 -0.50543
vn 0.08716 -0.98106 -0.17299
vn 0.56102 0.75935 -0.32961
vn 0.56953 0.43039 0.70028
vn -0.04807 0.2835 -0.95777
vn 0.93178 -0.0644 0.35728
vn -0.79388 -0.39312 -0.4639
vn -0.93112 -0.07414 0.35709
vn 0.6404 -0.73263 -0.23051
vn -0.09825 -0.63593 0.76547
vn -0.3617 -0.90524 -0.22295
vn -0.89815 0.29835 -0.32298
vn -0.58877 -0.79089 0.16685
vn 0.0001 -0.59046 -0.80707
vn 0.28692 0.92109 -0.26319
vn -1 0.00036 0.00046
vn 0.35014 0.26134 -0.8995
vn -0.15937 0.30718 -0.93821
vn 0.51597 0.70651 0.48438
vn -5E-05 0.85 0.52679
vn -0.56237 -0.0604 0.82468
vn -0.49979 -0.77776 -0.38118
vn -0.3617 -0.90524 -0.22295
vn 0.79369 -0.55022 0.25946
vn -0.29516 -0.46714 0.83346
vn 0.36208 -0.90529 -0.22216
vn 0.08716 -0.98106 -0.17299
vn -0.14092 0.17171 -0.97502
vn 0.60852 0.64937 -0.45609
vn 0.52441 0.8345 -0.16913
vn -5E-05 0.85001 0.52677
vn 0.38212 0.91798 0.10626
vn -0.577 -0.80987 -0.10579
vn 0.5267 -0.84946 0.03189
vn -0.99998 -0.00171 0.00575
vn -0.62838 0.48171 0.61082
vn -0.55876 0.59303 0.57974
vn 0.13603 0.95614 0.25942
vn 0.93214 0.06293 -0.3566
vn 0.1353 -0.36817 -0.91986
vn -0.70442 -0.18348 0.68566
vn -0 0.17368 -0.9848
vn -0.12718 0.88707 -0.44376
vn -0.71248 0.65481 -0.2522
vn -5E-05 0.85 0.52679
vn -0.51607 0.70653 0.48424
vn -0.16038 0.98703 0.00688
vn -0.43553 0.73521 -0.5194
vn -0.04676 0.56686 0.82249
vn 0.06225 -0.4712 0.87982
vn -0.84587 0.04978 -0.53105
vn -0.00103 -0.16202 0.98679
vn -0.50114 0.75192 -0.42834
vn -0.57578 -0.79663 0.18399
vn -0.74166 0.39112 -0.54495
vn 0.3569 0.70896 0.60828
vn -0.1364 0.95636 0.2584
vn -0.93146 -0.06454 0.35808
vn 1 -0.00234 -0.00033
vn 0.77365 0.39256 0.49736
vn -0.83353 -0.54875 -0.06405
vn -0.91841 -0.23966 0.31479
vn 0.19154 -0.9813 0.01913
vn 0.38248 -0.90355 -0.19314
vn 0.67604 0.66303 -0.3215
vn -0.0659 0.466 -0.88233
vn 0.90765 0.15555 0.38983
vn 0.93186 0.06288 -0.35734
vn -0.355 -0.46457 -0.81127
vn -0.59801 -0.73103 -0.32861
vn 0.93356 0.06318 -0.35281
vn 0.0488 0.2738 -0.96055
vn 0.93209 0.10766 -0.34584
vn -0.00103 -0.16203 0.98679
vn 0.44531 -0.87593 -0.18557
vn 0.61339 0.76655 -0.19016
vn 0.68188 -0.53662 0.49707
vn 0.95074 -0.0391 0.30751
vn 0.12944 0.36965 -0.92011
vn 0.18835 0.97323 -0.13168
vn 0.32756 -0.03946 -0.94401
vn -0.52584 0.36086 -0.77024
vn -0.8642 -0.43438 -0.2539
vn -0.99999 0.00426 0.00075
vn -0.55432 0.7908 0.25954
vn -0.93139 0.06482 -0.35821
vn 0.0868 -0.48804 0.8685
vn 0.30513 0.0418 0.95139
vn 0.56552 0.23688 -0.78999
vn -0.39678 -0.04615 -0.91675
vn -0.18591 0.85332 0.48712
vn 0.91689 0.11797 0.38131
vn 0.78072 0.28409 0.55657
vn 0.04728 0.11714 -0.99199
vn -0.31941 -0.24853 0.91445
vn 0.85675 0.50707 0.09412
vn 0.33724 -0.64013 0.69029
vn -0.4921 -0.85633 0.15662
vn 0.07282 0.40332 -0.91216
vn -0.84566 0.32799 0.42104
vn -0.70532 0.69826 0.1223
vn -0.04447 -0.76059 0.64771
vn 0.43685 0.73147 -0.52356
vn 0.55162 -0.67861 0.48497
vn 0.80183 0.23124 0.551
vn -0.40697 0.09259 -0.90874
vn -0.05339 -0.17401 -0.9833
vn -0.42959 -0.20563 -0.8793
vn -0.30272 -0.24401 0.92131
vn -0.15584 -0.18494 0.97032
vn 0.74659 -0.4628 -0.47793
vn 0.57699 -0.80989 -0.10563
vn -2E-05 -0.99884 -0.04818
vn 0.65727 0.74221 0.13087
vn 0.10354 0.90198 0.41918
vn -0.456 0.72829 -0.51152
vn 0.0491 0.29066 -0.95557
vn 0.46483 0.73295 -0.4967
vn -0.18904 0.97297 -0.13268
vn -0.70347 0.70489 0.09086
vn -0.96259 0.27092 0.00411
vn -0.64037 -0.7326 -0.23069
vn -0.18715 -0.93223 0.3097
vn -0.69788 -0.71523 0.03759
vn -0.631 0.7397 0.23383
vn 0.15584 -0.15808 0.97505
vn 0.2077 0.4092 0.88849
vn -0.75065 0.0249 0.66023
vn 0.07348 0.01438 0.99719
vn 0.94639 0.30581 -0.10408
vn 0.71791 0.69597 -0.01521
vn 0.08815 0.17422 -0.98075
vn -0.15849 0.18864 -0.96917
vn 0.05 -0.0342 0.99816
vn -0.4222 -0.19378 -0.88555
vn 0.42864 -0.15957 0.88927
vn -0.23071 0.44392 0.86586
vn 0.10818 -0.52422 -0.84468
vn 0.1264 0.29548 0.94695
vn -0.79726 -0.54343 0.26278
vn -0.93179 0.06184 -0.3577
vn 0.49989 -0.74922 -0.43449
vn -0.74218 -0.1331 -0.65686
vn -0.00651 0.89464 -0.44673
vn 0.54282 0.49753 -0.67662
vn 0.91443 -0.4029 -0.03863
vn 0.91442 -0.24551 0.32182
vn 0.58967 -0.80702 -0.03192
vn -0.30977 0.94419 0.11203
vn 0.62768 -0.04654 0.77708
vn 0.14758 -0.55871 -0.81613
vn -0.92592 -0.05243 -0.37407
vn 0.08716 -0.98106 -0.17299
vn -0.86413 -0.50143 0.04297
vn -0.91913 -0.05872 0.38956
vn -0.06166 0.93577 -0.34717
vn 0.57573 0.69382 -0.43261
vn -0.24819 0.02595 -0.96836
vn -0.72625 0.55706 -0.40279
vn -0.67961 0.65386 -0.33257
vn -0.58985 0.47709 -0.6515
vn 0.36207 -0.90529 -0.22216
vn 0.94635 0.29382 -0.13448
vn -0.00621 0.43358 -0.90109
vn -0.49979 -0.77776 -0.38118
vn -0.76879 0.58515 0.25799
vn -0.70276 0.49323 0.51268
vn 0.03255 0.53961 0.84129
vn 0.01526 0.99952 0.02697
vn 0.00012 -0.31449 -0.94926
vn -0.58419 -0.37684 0.71882
vn 0.54565 0.67696 -0.49395
vn -0.46086 -0.833 0.30614
vn 0.2713 -0.87612 -0.39852
vn 0.52522 -0.81056 0.25911
vn -0.33964 -0.92967 -0.14266
vn -0.60113 -0.65889 -0.45223
vn 0.3257 0.26279 -0.90822
vn 0.14875 0.33363 0.93089
vn 0.19286 0.92843 0.31752
vn -0.48395 0.83993 0.24557
vn -6E-05 0.81541 0.57888
vn 0.62746 0.06026 0.77632
vn 0.83137 0.23991 0.50126
vn 0.18517 0.94564 -0.26737
vn 0.06522 0.53098 -0.84487
vn -0.10585 0.693 0.71313
vn 0.23112 0.44304 0.8662
vn -0.08611 0.94249 0.32296
vn -0.67242 0.49455 0.5507
vn 0.86123 -0.21227 0.46177
vn 0.81324 -0.58153 0.02154
vn 0.20795 0.95061 0.23043
vn 0.55429 0.79077 0.25969
vn 0.84318 0.32351 -0.42941
vn 0.00589 0.57578 0.81758
vn 0.99999 0.00363 -0.00311
vn 0.4599 0.64983 0.60515
vn -0.91185 -0.19947 0.3588
vn -0.00014 -0.17365 0.98481
vn -0.25295 -0.7216 -0.64445
vn -0.8274 0.55776 -0.06566
vn 0.62814 -0.66185 0.40914
vn 0.37608 -0.92627 0.02425
vn -0.72942 0.65085 -0.21056
vn 0.30349 0.93968 0.15779
vn -0.98576 -0.10922 0.12789
vn -0.82556 0.51581 0.22888
vn 0.99959 0.02868 -0.00086
vn 0.84447 0.5343 0.0373
vn 0.95497 0.08253 0.28501
vn 0.71791 0.6488 0.25233
vn -0.54 -0.11115 0.83429
vn -0.99528 -0.01836 0.09525
vn 0.59618 -0.14591 0.78948
vn 0.9979 0.00357 0.06472
vn 0.37064 0.20382 -0.90613
vn 0.99998 0.00582 -0.00069
vn 0.73605 -0.14845 -0.66045
vn 0.70387 0.08398 -0.70534
vn -0.69172 0.70194 0.16973
vn -0.61782 0.67124 -0.40956
vn 0.58938 0.13805 -0.79597
vn 0.7697 0.21068 -0.60264
vn 0.36398 0.78502 -0.50126
vn 0.7256 0.55797 -0.4027
vn -0.86614 0.44802 0.22154
vn 0.26791 0.89765 -0.34993
vn -0.8704 0.44132 0.21826
vn 0.57061 0.73749 0.36127
vn 0.70265 0.4932 0.51288
vn 0.88889 0.43921 0.13024
vn -0.72481 0.42683 0.5408
vn -0.84428 0.5348 0.03437
vn 0.19452 -0.94969 -0.24545
vn -0.38247 -0.90353 -0.19325
vn 0.05194 0.05666 -0.99704
vn -0.49241 0.15146 -0.85708
vn 0.92605 0.06388 0.37195
vn 0.08716 -0.98106 -0.17299
vn 0.51922 -0.68829 -0.50663
vn -0.65316 -0.38251 0.65351
vn 0.62823 0.48168 0.61099
vn 0.37608 0.86212 0.33959
vn -0.41355 0.13755 -0.90003
vn -0.58003 0.03729 -0.81374
vn 0.23496 0.22617 0.94533
vn 0.52498 -0.07244 0.84802
vn -0.99961 0.00405 0.02753
vn -0.99981 -0.01955 -0.00202
vn 0.99961 0.004 0.0278
vn 0.9999 -0.01161 0.00826
vn 0.28921 0.95475 0.06939
vn -2E-05 0.95508 0.29635
vn -0.93412 -0.0964 0.34369
vn 0.08716 -0.98106 -0.17299
vn -0 0.17365 -0.98481
vn 0.45041 -0.87242 -0.18977
vn -0.21508 -0.43681 0.87347
vn -0.94635 -0.04736 0.31966
vn 0.1432 0.96587 -0.21583
vn -0.40675 0.80831 -0.42566
vn -0.72395 0.1642 -0.67002
vn -0.13186 0.45443 -0.88097
vn -0.68715 0.70668 0.16859
vn 0.03337 0.92031 0.38978
vn 0.45437 -0.50323 0.73505
vn -0.3617 -0.90524 -0.22294
vn 0.874 0.48336 0.04981
vn -0.08703 0.15913 -0.98341
vn 1 0.00083 -0.00129
vn 0.84541 -0.53038 -0.06308
vn -0.90882 0.09277 0.40675
vn -0.3617 -0.90524 -0.22295
vn -0.79315 -0.55039 0.26073
vn 0.36208 -0.90529 -0.22216
vn 0.00014 -0.01034 -0.99995
vn 0.49265 0.15143 -0.85695
vn -0.00014 -0.17365 0.98481
vn 0.48996 0.74559 0.4517
vn 0.26113 -0.29636 0.91868
vn -0.09192 -0.1634 0.98227
vn -0.19771 -0.02483 0.97995
vn -0.99993 -0.00484 -0.01049
vn -0.84327 0.21549 0.49241
vn -0.96026 0.27782 -0.02666
vn -1 0.00137 0.00182
vn -0.734 -0.11989 -0.66849
vn 0.87148 0.42338 0.24752
vn 0.49988 -0.74922 -0.43449
vn -0.85849 0.49962 -0.11568
vn 0.40621 0.0939 -0.90894
vn -0.36171 -0.90524 -0.22294
vn -0.40325 0.21027 -0.8906
vn 0.85874 0.41666 -0.29827
vn -0.54645 0.67605 -0.49432
vn -0.131 0.62614 -0.76862
vn 0.48469 0.76648 -0.4214
vn 0.13002 0.62713 -0.76799
vn -0.44536 0.77035 -0.45631
vn 0.39072 0.90652 0.15984
vn 0.27523 0.96118 -0.01948
vn -2E-05 -1 -0.00104
vn -0.00012 -0.61462 0.78882
vn -0.28848 0.49927 -0.81701
vn -0.93029 0.06812 -0.36045
vn 0.62356 -0.78157 -0.01818
vn 0.57217 -0.81837 0.05376
vn -0.76433 0.58828 0.26404
vn -0.97998 0.0028 0.19906
vn -0.75857 -0.58592 0.28507
vn -0.77019 -0.57692 0.27199
vn 0.73453 0.67843 0.01421
vn 0.58821 -0.80746 -0.04486
vn -0.94489 0.32665 0.02218
vn -0.87982 -0.46073 -0.11684
vn -0.36607 0.92878 0.05793
vn -0.13312 0.88374 -0.44866
vn -0.8704 0.44132 0.21826
vn -0.49979 -0.77776 -0.38118
vn 0.80636 -0.35566 -0.47254
vn -0.3617 -0.90524 -0.22294
vn -0.1863 0.59031 0.78539
vn -0.16454 0.02234 0.98612
vn -0.20161 0.56423 0.80062
vn -0.26885 0.8699 0.41352
vn 0.75847 -0.58596 0.28527
vn 0.51351 -0.85474 -0.07566
vn -0.88473 -0.46581 -0.01631
vn -0.62359 -0.78154 -0.01835
vn 0.36207 -0.90529 -0.22216
vn -0.13694 0.03746 -0.98987
vn 0.727 0.6317 0.26913
vn 0.3514 0.76689 0.53703
vn 0.84416 -0.38804 -0.36989
vn 0.93234 -0.06853 0.35502
vn -0.15105 0.42303 -0.89344
vn 0.49988 -0.74922 -0.4345
vn 0.02605 -0.96787 0.2501
vn 0.29981 -0.65853 0.69026
vn 0.27579 0.94247 -0.18891
vn 0.89348 0.32961 0.30504
vn -0.2765 0.94208 -0.1898
vn -0.89344 0.32943 0.30535
vn -0.787 -0.60098 0.13948
vn -0.37033 -0.9242 0.09331
vn -0.26624 0.80881 0.52435
vn -0.28615 0.92428 0.25264
vn 0.26613 0.8088 0.52442
vn 0.28613 0.92426 0.25272
vn -6E-05 -0.96066 0.27774
vn -0.08465 -0.98225 0.16737
vn 0.46399 0.56293 0.68398
vn 0.56236 -0.11772 0.81847
vn 0.13881 0.19581 -0.97077
vn -0.46433 0.87352 0.14613
vn -0.81874 -0.4646 -0.33735
vn -0.27123 -0.8761 -0.39859
vn 0.52855 -0.64893 0.54729
vn 0.16042 0.98702 0.00692
vn 0.0618 0.93577 -0.34716
vn -0.07272 0.01551 0.99723
vn 0.34868 0.22308 0.91031
vn -0.45257 0.85871 -0.24042
vn -0.43483 0.83537 0.33626
vn 0.93237 0.06652 -0.35533
vn 0.75987 0.64431 -0.08637
vn 0.81882 -0.46464 -0.33712
vn -0.00014 -0.17365 0.98481
vn 0.18734 -0.97195 0.14217
vn -0.74649 -0.46276 -0.47813
vn 0.77489 -0.57123 0.27064
vn 0.00998 0.83448 -0.55095
vn -0.99999 -0.00379 -0.00393
vn 0.0232 0.99737 0.06864
vn 0.47721 0.569 0.66971
vn -0.73647 -0.14967 -0.6597
vn -0.58459 -0.04992 -0.80979
vn 0 0.99005 0.1407
vn -6E-05 0.81541 0.57888
vn 0.9305 0.3001 -0.21
vn -0.56896 0.80791 -0.15349
vn 0.06637 0.56484 0.82253
vn 0.99999 0.00466 -0.00237
vn 0.61803 0.60849 0.49777
vn 0.35358 0.45311 0.81833
vn -0.09971 0.34375 0.93375
vn 0.09387 0.31307 0.94508
vn 0.71868 0.69496 -0.02298
vn 0.15543 0.95685 -0.24552
vn 0.27523 0.89655 0.34705
vn 0.56102 0.60082 0.56944
vn 0.59806 -0.73106 -0.32845
vn 0.93215 0.06472 -0.35624
vn -0.05625 0.4992 -0.86466
vn 0.00944 0.66079 -0.75051
vn -0.99808 -0.05418 -0.02995
vn -0.98393 -0.05761 -0.16901
vn -0.48445 0.22615 0.84508
vn -0.20776 -0.32544 0.92246
vn -0.10852 -0.5233 -0.84521
vn -0.85922 0.41649 -0.29711
vn 0.29765 -0.02496 -0.95435
vn 0.62257 -0.07227 -0.77922
vn -0.7923 0.58574 -0.1708
vn -0.78179 0.61958 -0.07016
vn 0.53658 0.57271 -0.61974
vn 0.75383 0.46643 -0.4628
vn 0.9836 0.11182 -0.14153
vn 0.98393 0.11194 -0.13911
vn 0.94915 -0.30331 -0.08437
vn -0.33863 0.20551 -0.9182
vn 0.85636 0.33203 0.39547
vn -0.31746 0.9401 0.12424
vn -0.53491 -0.03314 0.84426
vn -0.40286 0.24778 0.88108
vn -0.42591 0.89191 0.15197
vn -0.77962 0.20398 0.5921
vn 0.05884 0.84445 -0.5324
vn 0.1327 0.33235 -0.93377
vn 0.79173 0.41747 0.44596
vn 0.90638 0.11845 0.40552
vn -0.94821 0.14135 0.28448
vn -0.56769 -0.03042 0.82268
vn 0.00676 0.91395 0.40577
vn -0.93137 -0.06741 0.35779
vn -0.99975 0.01939 -0.01154
vn -0.15332 -0.57348 0.80474
vn -0.54 -0.18067 0.82205
vn -0.81862 0.11805 0.56207
vn 0.53976 -0.1807 0.82219
vn 0.869 0.21084 0.44765
vn -0.17658 0.30116 -0.93708
vn -0.22422 0.175 -0.9587
vn 0.77863 0.1625 0.60608
vn 0.82069 0.03763 0.57014
vn 0.17567 0.30017 -0.93757
vn 0.22336 0.174 -0.95908
vn 0.96855 0.04298 -0.2451
vn 0.91447 -0.24222 0.32415
vn -0.23208 -0.95709 0.17352
vn 7E-05 -0.7562 -0.65434
vn -0.91866 -0.22226 0.32658
vn -0.93197 0.06184 -0.35721
vn 0.29292 -0.57487 0.76401
vn -0.4998 -0.77776 -0.38117
vn 0.22199 -0.28029 0.9339
vn 0.36208 -0.90529 -0.22216
vn -0.04893 0.58353 -0.81062
vn -0.2275 0.84343 -0.48669
vn 0.12911 -0.51793 0.84562
vn 0.99971 -0.0039 0.02386
vn 0.1573 -0.56956 -0.80676
vn 0.27098 -0.7581 -0.59318
vn 0.85909 -0.0416 0.51013
vn 0.70442 -0.0621 0.70706
vn 0.28358 0.88192 0.37655
vn 0.37794 0.8714 0.31276
vn -0.85922 0.41649 -0.29711
vn 0.34603 0.70414 0.62004
vn 0.04028 0.90531 0.42284
vn 0.93169 -0.06727 0.35698
vn -0.80126 0.54195 -0.25353
vn -0.8955 0.43374 -0.09979
vn -0.70441 -0.18348 0.68566
vn 0.08715 -0.98106 -0.17299
vn 0 -0.97847 -0.20641
vn -6E-05 -0.97084 0.23973
vn -0.45226 -0.19369 0.8706
vn -0.46058 -0.00112 0.88762
vn -0.79639 0.41305 0.44176
vn -0.82002 0.56357 0.09977
vn -0.00403 0.53272 -0.84628
vn 0.93101 0.06708 -0.35878
vn 0.31788 0.24997 -0.91459
vn 0.86609 0.43156 0.25227
vn -0.28334 -0.93865 -0.19663
vn 0.16865 0.3043 -0.93753
vn -0.73287 -0.57088 0.37014
vn -0.81869 -0.30474 0.4867
vn 0.72515 -0.58581 0.36192
vn 0.81854 -0.30478 0.48693
vn 0.20144 -0.05217 -0.97811
vn 0.28727 -0.11497 -0.95093
vn -0.37798 0.87142 0.31266
vn -0.35151 0.76691 0.53693
vn -0.26023 -0.29544 0.91924
vn 0.09278 -0.16219 0.98239
vn 0.94854 0.27707 -0.1533
vn 0.8688 0.49186 0.0571
vn 0.9987 0.03717 0.03483
vn 0.47967 -0.85443 -0.19965
vn 0.95066 -0.29746 -0.08815
vn 0 0.17365 -0.98481
vn -0.1562 0.95704 -0.24427
vn -0.33766 0.91487 0.22136
vn -0.99997 0.00785 0.00284
vn -0.25989 0.83511 0.48482
vn 0.08456 -0.98226 0.16739
vn 0.23198 -0.95711 0.17359
vn -0.68878 0.59001 -0.42126
vn -0.75448 0.46652 -0.46166
vn 0.01623 0.89414 0.4475
vn 0.2973 0.94937 0.10152
vn -0.84421 -0.38899 -0.36877
vn -0.93203 -0.06867 0.35583
vn -0.59925 0.39913 -0.69397
vn -0.1863 0.82332 -0.53612
vn -0.65727 -0.40847 -0.63337
vn -0.93115 0.06066 -0.35955
vn 0.13354 0.05589 0.98947
vn -0.1709 0.02966 0.98484
vn -0.8543 -0.18923 0.48411
vn -0.70442 -0.18348 0.68566
vn 0.56344 0.02074 0.8259
vn 0.80518 -0.27518 0.52532
vn -0.01307 0.89691 -0.44203
vn 0.5675 0.76131 -0.31362
vn 0.7918 0.59664 -0.13064
vn 0.606 0.78805 0.10833
vn 0.41992 -0.45801 -0.78351
vn 0.69084 -0.10216 -0.71576
vn -0.48623 0.86118 0.14812
vn -0.28918 0.95476 0.06931
vn -0.19159 -0.98129 0.01908
vn -0.1945 -0.94968 -0.24551
vn 0.15304 0.21548 -0.96444
vn 0.08716 -0.98106 -0.17299
vn -0.6822 0.7153 0.15147
vn -0.88115 0.25361 0.39907
vn -0.4998 -0.77775 -0.38118
vn 0.65722 -0.06799 -0.75062
vn 0.03271 0.94165 0.33501
vn 0.10154 0.59476 0.79746
vn -0.00014 -0.17365 0.98481
vn -0.74862 0.56227 0.35132
vn 0.70312 0.70542 0.08948
vn 0.88163 0.44309 -0.16249
vn -0.09173 0.66129 0.7445
vn -0.40286 0.24778 0.88108
vn -0.91699 -0.24123 0.31772
vn -0.56751 -0.25277 0.78361
vn -0.67028 0.23662 -0.70338
vn -0.93148 -0.06452 0.35804
vn 0.51449 0.26416 -0.81579
vn 0.93179 -0.06437 0.35723
vn 0.87713 0.47948 -0.02711
vn 0.89516 0.43416 -0.101
vn 0.65031 0.7151 -0.25635
vn 0.86892 0.33971 -0.35997
vn 0.75696 0.57722 0.30631
vn 0.39578 0.17103 0.90228
vn -0.85342 -0.52033 -0.03046
vn -0.77812 -0.56559 0.27321
vn 0.86446 -0.50096 0.04171
vn 0.91947 -0.05862 0.38877
vn 0.95629 0.17414 0.2349
vn 0.36208 -0.90529 -0.22216
vn 0.1375 0.69543 0.70531
vn 0.5675 0.60813 0.55509
vn -0.27561 0.65984 0.69904
vn -0.67961 0.50068 0.53614
vn 0.09051 0.69348 -0.71476
vn 0.13127 0.89767 -0.42067
vn -0.17585 -0.94563 0.2736
vn -0.49863 -0.60868 0.61716
vn -0.51999 0.82795 -0.21003
vn -0.15248 0.97162 -0.18086
vn 0.51754 0.82954 -0.20979
vn 0.15257 0.97161 -0.18082
vn -0.90958 -0.01853 0.41511
vn -0.755 0.46322 0.46412
vn 0.88642 0.13622 0.4424
vn 0.65031 0.5843 0.48547
vn -0.39908 -0.19712 -0.89548
vn -0.371 0.06313 -0.92649
vn -0.9822 0.13843 -0.12694
vn -0.81791 0.57424 -0.0358
vn -0.2312 0.01418 0.9728
vn 0.18066 0.12914 0.97503
vn 0.39598 -0.48274 0.78113
vn 0.9407 -0.05307 0.33506
vn -0.15451 -0.31067 0.93788
vn -0.27126 -0.1646 0.94833
vn 0.49989 -0.74922 -0.43447
vn 0.00013 -0.50484 0.86321
vn -0.80538 0.40546 0.4324
vn -0.45439 -0.54381 -0.70555
vn 0.027 -0.21119 0.97707
vn 0.40446 0.09346 0.90977
vn 0.86609 0.43157 0.25227
vn -0.04719 -0.11798 0.99189
vn 0.59897 -0.75685 0.26156
vn 0.64873 -0.72708 -0.22471
vn -0.90455 0.29595 -0.30694
vn -0.55795 0.26585 -0.78614
vn -0.28997 0.92101 0.26012
vn 0.02901 0.97484 -0.22103
vn 0.57748 -0.79319 0.1933
vn 0.85874 0.41666 -0.29827
vn 0.25288 -0.7222 -0.6438
vn 0.827 0.55819 -0.06695
vn 0.59902 0.62166 0.50469
vn 0.65001 0.75561 0.08083
vn -0.79983 0.4246 0.42425
vn -1 -0.00204 0.00217
vn -0.81991 0.53204 0.21139
vn -0.48802 0.8361 0.25054
vn 0.00708 0.08387 0.99645
vn 0.93176 -0.06438 0.35732
vn -0.00635 0.08504 0.99636
vn -0.93146 -0.06453 0.35808
vn -0.058 -0.17714 -0.98247
vn -0.13857 -0.71162 -0.68876
vn 0.73114 0.52231 0.4389
vn 0.21088 0.56476 0.79786
vn -0.00012 0.31449 0.94926
vn 0.34432 -0.9348 0.08714
vn -0.55617 -0.33351 0.76121
vn -0.68883 0.58996 -0.42126
vn -0.51911 -0.68826 -0.50677
vn -0.27085 -0.75808 -0.59325
vn 0.53868 -0.80334 0.25391
vn -0.72417 -0.43182 -0.53768
vn -0.53879 -0.80331 0.25376
vn 0.7243 -0.43185 -0.53749
vn -0.57659 0.4583 0.67639
vn -0.15458 0.65885 0.73622
vn -0.20796 0.95062 0.23038
vn -2E-05 0.93846 0.34538
vn -0.73455 -0.64006 0.2253
vn -1 0.00082 -0.00126
vn -0.45339 -0.89131 0.00109
vn -0.86614 0.44802 0.22154
vn -0.932 0.07028 -0.35558
vn -0.57275 0.80744 -0.14139
vn 0.9452 0.26017 0.19727
vn 0.94491 0.31287 -0.09623
vn 0.12938 -0.41333 0.90134
vn -0.3617 -0.90525 -0.22294
vn -0.35229 -0.88122 0.31519
vn -0.3733 0.44732 -0.81274
vn -0.34884 0.19853 -0.91592
vn 0.45545 0.85934 0.23258
vn 0.44625 0.89469 -0.01969
vn -0.45548 0.85936 0.23246
vn -0.4462 0.89471 -0.01982
vn 0.94484 0.23451 0.22866
vn -0.36653 0.90193 0.22843
vn 0.02579 0.75501 -0.6552
vn -0.5299 -0.58978 -0.60939
vn 0.25128 0.17827 -0.95136
vn -0.22864 0.80323 0.55005
vn -0.59002 -0.7922 0.15586
vn 0.44424 0.77101 0.45628
vn -0.0668 -0.47105 0.87957
vn -0.58698 -0.15179 -0.79524
vn -0.58189 -0.7186 -0.38082
vn 0.34184 0.36392 0.86643
vn -0 0.17365 -0.98481
vn 0.83274 -0.11015 0.54259
vn -0.62674 -0.29264 -0.72219
vn 4E-05 -0.17411 0.98473
vn 0.22895 -0.63794 0.73527
vn 0.74456 0.6651 0.05721
vn -0.68388 -0.71116 0.16298
vn 0.0294 0.87177 -0.48902
vn 0.19876 -0.18652 -0.96214
vn 0.20552 -0.47891 0.85347
vn 0.89384 -0.13743 0.42681
vn -0.27852 0.95798 -0.06852
vn 0.16287 0.84538 0.50873
vn -0.79234 -0.03843 -0.60887
vn 0.24282 -0.35408 0.90314
vn 0.33575 0.53881 -0.77263
vn 0.13653 0.00033 -0.99064
vn 0.36368 0.77099 0.52279
vn 0.19647 -0.49282 0.84766
vn 0.69551 -0.22396 -0.68272
vn 0.60875 -0.45942 -0.64681
vn -0.08716 0.98106 0.17299
vn -0.99895 0.00444 -0.0455
vn 0.16384 -0.58952 0.79096
vn -0.80296 -0.09959 -0.58766
vn -0.65542 0.65536 0.37541
vn 0.86622 -0.18055 -0.4659
vn 0.36586 0.90226 0.22821
vn -0.99195 0.12503 -0.01984
vn -0.51086 0.75058 0.41912
vn -0.08716 0.98106 0.17299
vn -0.81762 -0.25234 0.51752
vn 0.66981 -0.61497 0.41613
vn -0.08792 0.54594 -0.8332
vn -0.48527 0.4123 0.77105
vn 0.63604 -0.44848 -0.62795
vn -0.23693 -0.77682 0.58345
vn -0.00154 0.17182 -0.98513
vn 0.12769 -0.97383 -0.18801
vn -0.52631 -0.83303 0.17048
vn -0.4407 -0.85617 -0.26973
vn 0.85986 -0.25539 0.44206
vn -0.23693 -0.53042 -0.81395
vn 0.00013 -0.17516 0.98454
vn -0.78803 -0.11415 -0.60497
vn -0.41942 0.70049 0.57741
vn 0.29916 -0.60804 -0.73538
vn -0.36653 0.90193 0.22843
vn -0.02536 0.61109 -0.79116
vn -0.43942 -0.35787 0.82392
vn 0.26611 -0.77415 0.57435
vn 0.88274 0.1581 -0.44247
vn -0.48027 0.68788 -0.54421
vn 0.50491 0.78008 0.36952
vn -0.71339 0.38451 0.58586
vn 0.36586 0.90226 0.22821
vn 0.40332 -0.78892 0.46361
vn 0.46497 -0.63664 0.61522
vn -0.82094 -0.51943 0.23719
vn -0.36653 0.90193 0.22843
vn -0.11461 0.56473 -0.81728
vn -0.96516 0.20784 0.15894
vn 0.86533 0.36291 -0.34569
vn 0.50491 0.78008 0.36952
vn 0.95135 0.23549 0.19867
vn -0.52592 0.23321 0.81794
vn 0.7345 -0.65663 -0.17132
vn 0.22164 -0.97369 0.05297
vn 0.69258 -0.64174 -0.32942
vn 0.29023 0.94238 0.16639
vn 0.03586 -0.56191 0.82642
vn -0.08716 0.98106 0.17299
vn 0.23308 -0.89071 -0.39026
vn -0.04919 -0.96818 -0.24538
vn 0.08517 0.07899 -0.99323
vn 0.50491 0.78008 0.36952
vn -0.51086 0.75058 0.41912
vn 0.92195 0.36328 -0.13428
vn -0.53167 -0.12059 -0.83832
vn -0.80551 0.37067 -0.46234
vn 0.04533 -0.92676 0.3729
vn -0.00079 -0.55718 0.83039
vn -0.2083 -0.64513 -0.73513
vn -0.61359 0.1621 -0.77281
vn -0.41341 -0.91051 0.00865
vn 0.43929 -0.88655 -0.1451
vn 0.88136 -0.09885 -0.46198
vn 0.73229 0.18155 -0.65635
vn -0.44068 0.04366 -0.8966
vn 0.68904 -0.17928 -0.7022
vn 0.48299 -0.69744 0.52943
vn -0.06903 -0.97133 -0.22748
vn -0.92328 -0.37815 -0.06757
vn 0.11978 -0.9412 0.31592
vn -0.41022 -0.01698 -0.91183
vn 0.61378 0.64056 0.46147
vn -0.92704 0.27247 0.25762
vn -0.83306 0.36914 0.41201
vn 0.82831 0.16784 -0.53455
vn 0.82491 -0.50886 -0.24613
vn -0.14824 -0.5217 0.84015
vn -0.36076 -0.40945 0.83797
vn -0.87425 -0.30107 -0.38085
vn -0.92571 -0.0002 -0.37825
vn -0.2163 0.68232 -0.69832
vn -0.58133 0.61602 -0.53158
vn 0.36586 0.90226 0.22821
vn -0.52817 0.27101 0.80473
vn -0.51085 0.75058 0.41912
vn -0.4519 -0.79144 0.41159
vn 0.87777 -0.45568 0.14789
vn 0.36586 0.90225 0.22822
vn -0.47997 0.80316 -0.35294
vn -0.98313 0.05047 0.17581
vn -0.75611 -0.53686 -0.37428
vn -0.98515 0.01865 0.17069
vn -0.06903 -0.99056 -0.11845
vn 0.63789 -0.56142 -0.52717
vn 0.93356 0.07372 0.35076
vn 0.19824 -0.26008 0.94502
vn -0.97741 0.20515 0.05085
vn 0.36586 0.90225 0.22821
vn 0.54675 -0.31745 -0.77479
vn 0.24344 -0.49762 -0.83254
vn -0.39505 -0.24652 -0.88497
vn -0.42993 -0.86021 -0.27422
vn 0.62956 -0.71888 0.29475
vn -0 0.17365 -0.98481
vn 0.26222 -0.9339 0.24305
vn -0.27834 -0.66257 0.69536
vn 0.50491 0.78008 0.36952
vn 0.77901 -0.43609 0.45053
vn -0.41514 -0.69839 0.58302
vn -0.83582 -0.50201 -0.22226
vn 0.08315 -0.26066 -0.96184
vn -0.11172 -0.92377 -0.36628
vn 0.3626 0.02946 0.93148
vn 0.55893 -0.18147 0.80911
vn -0.54021 0.32926 0.77445
vn -0.41453 0.5201 -0.74677
vn 0.15522 -0.69656 0.7005
vn -0.40914 -0.83335 0.37165
vn -0.08716 0.98106 0.17299
vn -0.01026 0.2879 -0.9576
vn 0.89531 0.01006 0.44532
vn 0.6484 -0.75302 0.112
vn 0.71171 -0.39943 0.57787
vn 0.6515 -0.34359 0.67639
vn 0.89786 -0.41507 -0.14687
vn 0.90267 -0.36381 -0.22983
vn -0.82653 0.24661 -0.506
vn -0.98431 -0.145 -0.10057
vn 0.31698 -0.19979 -0.92715
vn -0.48897 0.17041 0.85549
vn 0.99165 -0.02678 0.12612
vn 0.94301 0.0401 -0.33033
vn -0.62624 0.721 0.29661
vn -0.10036 -0.34752 0.93229
vn -0.94229 -0.23723 -0.23626
vn -0.33767 -0.83763 -0.42937
vn 0.85047 0.12319 0.5114
vn 0.19223 0.66157 -0.72483
vn 0.79742 -0.60278 -0.02785
vn 0.92472 -0.15326 0.34844
vn 0.36777 0.53942 -0.75747
vn -0.51086 0.75058 0.41912
vn -0.36653 0.90193 0.22843
vn -0.38731 -0.50058 0.77421
vn -0.93422 -0.15484 -0.32135
vn -0.65356 -0.58986 -0.47426
vn 0.57115 0.63164 0.52423
vn 0.66683 0.36466 0.64989
vn 0.6583 -0.67358 0.33605
vn 0.50491 0.78008 0.36952
vn -0.00491 -0.03695 -0.99931
vn 0.86447 -0.20419 -0.45935
vn 0.16031 0.02327 -0.98679
vn -0.78812 -0.13819 -0.59981
vn -0.54988 -0.04566 -0.83399
vn -0.4599 0.57097 -0.68006
vn -0.74261 0.42927 0.51406
vn 0.37301 0.28157 0.88407
vn 0.62523 0.31696 0.71318
vn -0.36653 0.90193 0.22843
vn 0.86533 0.36291 -0.34568
vn 0.99292 -0.03898 0.1122
vn 0.34922 -0.74187 -0.57243
vn 0.53877 -0.83902 -0.076
vn 0.01468 -0.33641 0.9416
vn -0.5438 -0.27648 0.79236
vn -0.85763 -0.43589 0.27289
vn -0.36149 -0.41454 0.83516
vn 0.25568 0.16916 -0.95185
vn 0.78274 -0.58311 -0.2175
vn -0.97472 0.19372 -0.11132
vn -0.95598 -0.27409 0.10481
vn 0.50491 0.78008 0.36952
vn -0.43652 -0.43131 0.78957
vn 0.08895 0.39446 -0.9146
vn -0.05372 0.37713 -0.9246
vn 0.97979 -0.00578 0.19993
vn 0.36586 0.90226 0.22821
vn -0.99866 0.0249 0.04547
vn -0.36653 0.90193 0.22843
vn -0.82399 -0.53125 0.197
vn 0.20502 0.58103 -0.78763
vn 0.96753 0.21453 0.13363
vn 0.58732 0.23528 -0.77441
vn 0.34525 -0.38158 0.85743
vn 0.85009 -0.52657 0.00825
vn 0.27815 0.9411 -0.19228
vn -0.92918 0.32059 0.18395
vn 0.41674 -0.71966 -0.55535
vn 0.61532 -0.75015 0.24218
vn -0.44992 0.20296 -0.8697
vn -0.89475 0.37268 -0.24602
vn -0.45283 -0.40247 0.79559
vn -0.51086 0.75058 0.41911
vn -0.08716 0.98106 0.17299
vn 0.97705 0.11806 -0.17728
vn 0.50054 -0.82947 0.24787
vn 0.14338 -0.71485 0.68442
vn -0.51086 0.75057 0.41912
vn -0.83822 -0.54397 -0.03861
vn -0.72442 -0.4712 -0.50319
vn -0.45121 -0.39584 -0.79982
vn -0.28523 -0.85072 -0.4415
vn -0.44564 -0.8784 0.17266
vn 0.07975 -0.84162 -0.53414
vn 0.5983 -0.6524 -0.4652
vn 0.9309 0.3603 0.06004
vn 0.39814 0.62886 -0.66784
vn -0.12573 -0.76841 -0.62749
vn 0.23258 -0.89139 -0.38901
vn -0.12573 -0.93668 0.32684
vn 0.23258 -0.97068 0.06068
vn -0.14276 0.64632 -0.74959
vn -0.21596 0.87314 -0.43703
vn 0.00213 -0.17331 0.98487
vn -0.71794 -0.64179 -0.26957
vn -0.85487 -0.35759 -0.37594
vn -0.65766 0.35091 -0.66659
vn -0.53958 -0.5964 -0.59427
vn 0.03504 -0.76464 -0.6435
vn -0.9391 -0.21983 0.26413
vn -0.08716 0.98106 0.17299
vn 0.0558 -0.9308 0.36124
vn -0.49852 -0.83525 0.23203
vn 0.03586 -0.24536 -0.96877
vn -0.30473 0.06519 -0.95021
vn 0.12187 0.02694 -0.99218
vn 0.36586 0.90226 0.22821
vn 0.03621 0.09208 -0.99509
vn -0.36653 0.90193 0.22843
vn -0.91678 0.25069 0.31091
vn 0.50492 0.78008 0.36951
vn 0.62935 0.54549 0.55351
vn -0.42047 0.69912 0.57831
vn 0.92189 -0.15258 0.35613
vn 0.79418 -0.56904 0.21324
vn -0.49589 -0.81374 -0.30318
vn -0.76951 -0.59694 -0.22699
vn -0.18605 -0.27149 0.94429
vn -0.08715 0.98106 0.17299
vn 0.18536 -0.60887 -0.77131
vn -0.38668 -0.58649 -0.71169
vn 0.73566 0.05153 0.67539
vn -0.36653 0.90193 0.22843
vn -0.29202 0.48983 -0.82146
vn 0.50491 0.78007 0.36952
vn 0.71585 -0.44426 -0.5387
vn 0.24654 -0.57357 -0.78118
vn -0.64281 -0.4547 -0.61647
vn -0.14779 -0.61556 -0.77411
vn -0.51086 0.75058 0.41912
vn 0.82389 0.03501 0.56566
vn -0.00041 -0.16901 0.98561
vn 0.4865 -0.75336 -0.44247
vn 0.00235 0.17069 -0.98532
vn 0.4865 -0.85926 0.15812
vn 0.98093 -0.03502 0.19118
vn -0.08715 0.98106 0.17299
vn -0.64933 -0.74884 0.1327
vn -0.33767 -0.93397 0.11699
vn -0.15091 0.32653 -0.93306
vn -0.51086 0.75058 0.41912
vn 0.85377 -0.51368 0.0849
vn 0.8992 -0.22622 -0.37453
vn -0.65075 -0.71178 0.26437
vn -0.53847 -0.47559 0.6956
vn -0.22119 0.80851 -0.54533
vn -0.70147 0.05588 -0.71051
vn 0.50366 -0.41685 0.75668
vn 0.47863 -0.22148 0.84963
vn -0.59732 0.60506 -0.52641
vn 0.74456 0.6651 0.0572
vn 0.38943 -0.57754 0.71749
vn 0.36586 0.90226 0.22821
vn 0.45356 0.12071 -0.88302
vn 0.68926 0.29767 -0.66054
vn 0.64485 -0.71731 0.26388
vn 0.91335 -0.33716 -0.22829
vn 0.56774 -0.79288 -0.22139
vn 0.16649 -0.98455 -0.0543
vn -0.00048 -0.17366 0.98481
vn 0.99718 0.02573 -0.07046
vn -0.60618 -0.34704 -0.71562
vn -0.64933 -0.65829 -0.38081
vn -0.26316 -0.85355 0.44967
vn 0.02655 -0.99237 -0.12043
vn -0.02327 -0.79032 -0.61225
vn 0.34542 -0.47782 -0.8077
vn -0.02327 -0.95206 0.30502
vn 0.34542 -0.72525 0.59557
vn -0 0.17365 -0.98481
vn -0.97705 -0.11806 0.17728
vn 0.47561 -0.29349 -0.82925
vn -0.40891 0.28087 -0.86828
vn -0.27741 0.95727 -0.08176
vn -0.81539 -0.20477 -0.54148
vn 0.4229 0.78895 0.44577
vn 0.41384 -0.60352 0.68154
vn 0.3176 0.11881 -0.94075
vn 0.03115 -0.18846 -0.98159
vn -0.82937 -0.26877 0.4898
vn -0.90838 0.18118 0.37686
vn -0.3072 -0.46623 0.82961
vn 0.26583 -0.77381 0.57494
vn -0.49525 -0.86338 0.09644
vn 0.26681 -0.92717 0.263
vn -0.18265 -0.64631 0.74089
vn -0.51084 0.75058 0.41912
vn -0.27769 -0.89156 0.35778
vn -0.45685 -0.55732 0.69332
vn 0.08448 0.83786 -0.53931
vn 0.86226 -0.41644 -0.28826
vn -0.82653 0.2466 -0.506
vn -0.79629 -0.16321 -0.58248
vn -0.50506 -0.22291 0.8338
vn -0.89851 0.25876 0.35456
vn 0.47891 -0.1235 -0.86913
vn 0.5049 0.78008 0.36952
vn -0.5438 -0.27648 0.79236
vn -0.08715 0.98106 0.17299
vn -0.88707 0.31348 -0.33886
vn -0.80849 0.55721 -0.18939
vn -0.53537 -0.84351 -0.04323
vn -0.74534 -0.45094 -0.49104
vn 0.52633 -0.5064 -0.68304
vn -0.00981 -0.02588 -0.99962
vn -0.42945 -0.44081 -0.7882
vn 0.16557 0.03411 -0.98561
vn 0.27677 -0.95188 0.13158
vn -0.33582 -0.92884 0.15649
vn 0.94928 -0.31045 0.04982
vn 0.99488 0.04907 -0.08835
vn -0.07301 -0.9811 -0.17922
vn -0.04409 -0.80266 -0.5948
vn -0.18307 0.60083 0.77813
vn -0.53942 0.50628 -0.67283
vn -0.37192 0.46047 -0.80601
vn -0.51085 0.75058 0.41911
vn 0.11744 -0.80549 0.58085
vn 0.50108 -0.5521 0.66641
vn -0.82221 -0.49197 -0.28625
vn -0.6145 -0.77244 0.16039
vn -0.01029 -0.34841 0.93729
vn 0.7267 -0.2317 0.6467
vn 0.46548 -0.60419 0.64675
vn 0.89583 0.02206 0.44384
vn -0.87552 -0.36404 -0.31772
vn -0.36653 0.90193 0.22844
vn -0.93492 -0.16139 -0.31603
vn -0.9251 -0.18592 -0.33109
vn 0.17297 0.59606 -0.78408
vn 0.24547 0.631 -0.73593
vn 0.50077 -0.84832 -0.17198
vn 0.76855 -0.63627 -0.06705
vn -0.81762 -0.25234 0.51752
vn -0.64502 -0.67812 0.35227
vn 0.52893 0.01238 -0.84858
vn 0.62001 0.35806 -0.69813
vn -0.79806 -0.45831 -0.39122
vn -0.5448 -0.83676 -0.05506
vn -0.1675 -0.95388 -0.24912
vn -0.15106 -0.33137 -0.93133
vn -0.5732 -0.69404 0.4356
vn 0.11146 -0.77348 0.62394
vn 0.53645 -0.68618 0.49131
vn 0.45652 -0.8867 0.07315
vn 0.96497 -0.20722 -0.16093
vn 0.95612 -0.23855 -0.17008
vn 0.38335 -0.63876 -0.66711
vn 0.75683 -0.49788 -0.42346
vn -0.99852 -0.02368 0.04896
vn -0.02665 -0.28447 0.95832
vn 0.04067 0.73403 0.6779
vn 0.41757 -0.60383 0.67899
vn 0.23453 -0.88796 -0.39563
vn -0.0029 -0.16216 0.98676
vn -0.41253 -0.39396 0.82135
vn -0.85109 0.13641 0.50699
vn -0.81991 -0.36027 -0.44491
vn -0.87718 -0.36589 -0.31094
vn 0.23453 -0.96972 0.06807
vn -0.00289 0.18508 -0.98272
vn -0.33944 -0.93261 0.12255
vn 0.00083 0.18541 -0.98266
vn 0.9343 0.34748 -0.07966
vn -0.36652 0.90193 0.22843
vn -0.33943 -0.83446 -0.43413
vn 0.00083 -0.16185 0.98682
vn 0.67937 -0.41268 0.60676
vn 0.61639 -0.5453 0.56807
vn 0.82967 -0.02312 -0.55778
vn 0.97566 -0.07198 -0.20713
vn 0.7444 -0.62883 -0.22458
vn 0.50492 0.78007 0.36952
vn -0.03392 -0.044 -0.99846
vn 0.00722 0.28296 -0.9591
vn -0.18016 -0.64209 0.74516
vn 0.68306 0.56448 0.46346
vn 0.36585 0.90226 0.22821
vn -0.95508 0.28911 0.06516
vn -0.08716 0.98106 0.17299
vn 0.08716 -0.98106 -0.17299
vn 0.08716 -0.98106 -0.17299
vn -0.08716 0.98106 0.17299
vn -0.09274 -0.80951 -0.57973
vn 0.21034 -0.97259 0.09914
vn -0.29088 -0.95653 -0.02109
vn 0.3488 -0.91207 -0.21554
vn 0.08716 -0.98106 -0.17299
vn -0.08716 0.98106 0.17299
vn 0.08716 -0.98106 -0.17299
vn -0.86725 0.20531 -0.45357
vn -0.08716 0.98106 0.17299
vn -0.07944 -0.17994 0.98046
vn 0.02375 0.07579 -0.99684
vn 0.70838 -0.08448 -0.70076
vn -0.42572 -0.86116 -0.27778
vn -0.61879 -0.05333 0.78374
vn -0.96301 -0.12742 0.23745
vn 0.96693 0.24009 -0.08605
vn 0.08716 -0.98106 -0.17299
vn -0.08716 0.98106 0.17299
vn 0.34618 0.34987 -0.87049
vn 0.20134 -0.96089 -0.19014
vn -0.00325 0.21006 -0.97768
vn -0.49729 0.03637 -0.86682
vn -5E-05 -0.97604 0.21761
vn -0.02544 -0.05601 0.99811
vn 0.25747 -0.22114 0.94064
vn -0.28946 -0.95597 -0.0483
vn 0.24768 -0.92213 -0.29721
vn -0.15472 -0.85876 -0.48846
vn 0.32642 -0.94427 0.04248
vn 0.18071 -0.83926 -0.51281
vn 0.11795 0.97684 -0.1785
vn -0.17651 -0.9831 0.04862
vn -0.21739 0.92751 0.30409
vn 0.26642 -0.96381 -0.00963
vn 0.46056 -0.87708 -0.13646
vn 0.66204 0.20256 0.72158
vn 0.9528 -0.22037 0.20882
vn -0.42346 -0.85118 -0.31012
vn -0.50474 -0.1932 0.84138
vn 0.08716 -0.98106 -0.17299
vn 0.08715 -0.98106 -0.17299
vn -0.9228 -0.01409 -0.38502
vn 0.26735 -0.96358 -0.00624
vn 0.51242 0.83291 0.20903
vn 0.59672 0.78252 -0.17773
vn 0.65512 0.36241 -0.66293
vn -0.21963 -0.84912 -0.48037
vn 0.18947 -0.89191 0.4106
vn 0.0259 -0.9975 -0.06577
vn -0.35225 -0.93584 0.0115
vn 0.79904 -0.5067 0.32371
vn 0.28026 0.87061 0.40434
vn -0.66115 -0.73734 0.13858
vn -0.65683 0.75151 0.06175
vn -0.00013 0.22259 0.97491
vn 0.52224 0.28601 0.80341
vn -0.963 -0.12742 0.23746
vn -0.08716 0.98106 0.17299
vn -0.36215 0.92537 -0.11196
vn -0.21022 0.20198 -0.95656
vn -0.25747 0.22113 -0.94064
vn -0.08716 0.98106 0.17299
vn 0.07472 -0.11411 0.99065
vn -0.08716 0.98106 0.17299
vn -0.79563 -0.17304 0.58054
vn 0.08716 -0.98106 -0.17299
vn -0.35786 0.04465 -0.93271
vn -0.69287 -0.30043 0.65549
vn 0.00692 -0.20521 0.97869
vn 0.08716 -0.98106 -0.17299
vn -0.00013 0.2226 0.97491
vn -0.52245 0.28604 0.80326
vn -0.07471 0.11411 -0.99065
vn 0.08716 -0.98106 -0.17299
vn 0.03426 0.99932 0.01396
vn 0.09286 -0.80952 -0.57971
vn 0.76935 -0.61664 -0.16687
vn 0.1914 -0.93836 -0.28784
vn -0.05316 -0.95467 -0.29288
vn -0.08716 0.98106 0.17299
vn 0.80004 0.03593 -0.59886
vn -0.14554 -0.97855 -0.14576
vn -0.09893 -0.97479 -0.20001
vn 0.08716 -0.98106 -0.17299
vn 0.59673 0.05489 0.80057
vn 0.11963 -0.99039 -0.06933
vn -0.08716 0.98106 0.17299
vn 0.11397 -0.97931 -0.16721
vn -0.08716 0.98106 0.17299
vn -0.84521 -0.46579 -0.26205
vn 0.15735 -0.5871 0.79408
vn 0.45014 -0.75988 -0.46899
vn 0.97666 0.01861 0.214
vn 0.15358 -0.95756 -0.2439
vn -0.5672 -0.03158 -0.82298
vn -0.21067 0.82794 -0.51974
vn -0.99594 -0.08975 0.00721
vn 0.048 -0.58022 -0.81305
vn -0.08716 0.98106 0.17299
vn -0.46507 -0.84043 0.2782
vn -0.08716 0.98106 0.17299
vn 0.10509 -0.95902 -0.26315
vn -0.4529 -0.27608 -0.84774
vn 0.88825 0.24513 -0.3885
vn 0.63588 -0.6964 0.3327
vn -0.44298 -0.89232 -0.08674
vn -0.08715 0.98106 0.17299
vn 0.38895 -0.00793 0.92122
vn -0.08716 0.98106 0.17299
vn 0.49 -0.73466 -0.46923
vn -0.08716 0.98106 0.17299
vn -0.14046 -0.86478 0.48211
vn 0.08771 -0.96284 -0.25542
vn 0.82337 -0.49746 -0.27311
vn 0.39104 -0.03973 -0.91952
vn 0.15693 -0.96286 -0.21971
vn -0.86103 -0.42757 -0.27534
vn 0.06234 -0.99762 0.02942
vn 0.7954 -0.46983 0.38289
vn 0.63542 -0.70064 0.32457
vn -0.08716 0.98106 0.17299
vn -0.45622 0.09322 0.88497
vn 0.17796 -0.68695 0.70457
vn -0.46386 -0.68617 0.56036
vn -0.08716 0.98106 0.17299
f 1//1 2//1 3//1
f 4//2 5//2 6//2
f 7//3 8//3 9//3
f 10//4 11//4 12//4
f 13//5 14//5 15//5
f 16//6 17//6 18//6
f 19//7 20//7 21//7
f 6//8 22//8 23//8
f 24//9 17//9 25//9
f 26//10 27//10 28//10
f 29//11 30//11 31//11
f 32//12 33//12 6//12
f 34//13 35//13 36//13
f 37//14 38//14 39//14
f 40//15 16//15 18//15
f 41//16 42//16 43//16
f 44//17 45//17 46//17
f 47//18 48//18 49//18
f 50//19 10//19 51//19
f 52//20 53//20 54//20
f 55//21 56//21 57//21
f 58//22 59//22 60//22
f 61//23 62//23 63//23
f 64//24 65//24 66//24
f 67//25 68//25 69//25
f 70//26 71//26 72//26
f 73//27 74//27 75//27
f 76//28 77//28 78//28
f 79//29 80//29 45//29
f 81//30 82//30 83//30
f 84//31 17//31 16//31
f 85//32 86//32 87//32
f 23//33 88//33 89//33
f 90//34 91//34 92//34
f 93//35 94//35 95//35
f 96//36 97//36 98//36
f 99//37 100//37 101//37
f 102//38 41//38 103//38
f 104//39 60//39 105//39
f 106//40 107//40 108//40
f 109//41 110//41 111//41
f 112//42 113//42 57//42
f 114//43 115//43 116//43
f 36//44 117//44 118//44
f 119//45 120//45 121//45
f 122//46 8//46 123//46
f 124//47 125//47 74//47
f 126//48 127//48 128//48
f 129//49 130//49 131//49
f 132//50 133//50 134//50
f 135//51 136//51 137//51
f 138//52 139//52 140//52
f 141//53 142//53 143//53
f 53//54 144//54 145//54
f 146//55 147//55 148//55
f 149//56 150//56 151//56
f 137//57 136//57 96//57
f 93//58 95//58 152//58
f 153//59 154//59 155//59
f 156//60 157//60 158//60
f 159//61 107//61 160//61
f 161//62 162//62 163//62
f 98//63 97//63 164//63
f 165//64 166//64 132//64
f 167//65 69//65 168//65
f 169//66 71//66 70//66
f 170//67 77//67 171//67
f 126//68 128//68 172//68
f 173//69 174//69 175//69
f 176//70 177//70 178//70
f 99//71 101//71 179//71
f 61//72 180//72 181//72
f 182//73 76//73 78//73
f 182//74 170//74 171//74
f 183//75 184//75 185//75
f 186//76 62//76 28//76
f 187//77 153//77 188//77
f 188//78 189//78 190//78
f 11//79 191//79 12//79
f 192//80 193//80 21//80
f 194//81 195//81 196//81
f 20//82 192//82 21//82
f 173//83 175//83 197//83
f 19//84 2//84 1//84
f 198//85 199//85 200//85
f 117//86 3//86 201//86
f 32//87 54//87 33//87
f 202//88 141//88 143//88
f 140//89 203//89 138//89
f 204//90 205//90 58//90
f 206//91 207//91 110//91
f 208//92 124//92 74//92
f 209//93 76//93 210//93
f 46//94 211//94 44//94
f 151//95 148//95 212//95
f 213//96 114//96 116//96
f 214//97 215//97 216//97
f 152//98 95//98 133//98
f 133//99 132//99 217//99
f 32//100 52//100 54//100
f 8//101 218//101 123//101
f 219//102 181//102 220//102
f 202//103 221//103 141//103
f 150//104 149//104 222//104
f 187//105 188//105 223//105
f 102//106 224//106 66//106
f 225//107 64//107 66//107
f 226//108 102//108 100//108
f 86//109 13//109 87//109
f 106//110 227//110 55//110
f 206//111 110//111 109//111
f 146//112 228//112 147//112
f 189//113 83//113 229//113
f 230//114 231//114 52//114
f 232//115 169//115 70//115
f 105//116 233//116 234//116
f 235//117 234//117 233//117
f 236//118 237//118 238//118
f 239//119 129//119 131//119
f 166//120 135//120 137//120
f 240//121 164//121 241//121
f 41//122 43//122 103//122
f 26//123 28//123 242//123
f 122//124 176//124 243//124
f 244//125 245//125 35//125
f 73//126 75//126 246//126
f 75//127 128//127 77//127
f 105//128 108//128 107//128
f 111//129 247//129 248//129
f 249//130 82//130 81//130
f 249//131 148//131 151//131
f 66//132 65//132 250//132
f 251//133 65//133 252//133
f 4//134 253//134 92//134
f 178//135 4//135 254//135
f 255//136 256//136 257//136
f 258//137 7//137 9//137
f 191//138 21//138 259//138
f 260//139 259//139 261//139
f 201//140 3//140 200//140
f 257//141 118//141 115//141
f 204//142 262//142 205//142
f 263//143 264//143 265//143
f 4//144 6//144 90//144
f 89//145 88//145 266//145
f 142//146 267//146 143//146
f 268//147 139//147 84//147
f 219//148 242//148 269//148
f 219//149 61//149 181//149
f 35//150 245//150 270//150
f 271//151 272//151 273//151
f 197//152 175//152 274//152
f 37//153 275//153 276//153
f 277//154 278//154 279//154
f 217//155 280//155 164//155
f 61//156 63//156 180//156
f 225//157 17//157 64//157
f 112//158 57//158 281//158
f 282//159 281//159 283//159
f 57//160 284//160 235//160
f 285//161 286//161 287//161
f 288//162 289//162 290//162
f 156//163 189//163 188//163
f 291//164 120//164 119//164
f 292//165 67//165 291//165
f 293//166 199//166 198//166
f 2//167 293//167 3//167
f 231//168 294//168 144//168
f 230//169 295//169 231//169
f 209//170 210//170 296//170
f 210//171 128//171 127//171
f 123//172 218//172 297//172
f 5//173 32//173 6//173
f 131//174 130//174 298//174
f 21//175 193//175 299//175
f 90//176 6//176 300//176
f 90//177 194//177 196//177
f 224//178 225//178 66//178
f 225//179 18//179 17//179
f 185//180 27//180 26//180
f 301//181 184//181 252//181
f 302//182 247//182 111//182
f 110//183 302//183 111//183
f 303//184 106//184 55//184
f 264//185 113//185 265//185
f 106//186 108//186 227//186
f 57//187 56//187 284//187
f 304//188 95//188 305//188
f 164//189 304//189 305//189
f 272//190 306//190 273//190
f 276//191 20//191 19//191
f 307//192 308//192 246//192
f 309//193 308//193 307//193
f 211//194 212//194 44//194
f 147//195 80//195 79//195
f 214//196 213//196 215//196
f 310//197 168//197 69//197
f 165//198 132//198 134//198
f 134//199 311//199 165//199
f 312//200 313//200 314//200
f 313//201 312//201 136//201
f 31//202 30//202 315//202
f 316//203 169//203 216//203
f 317//204 318//204 319//204
f 319//205 318//205 75//205
f 125//206 126//206 74//206
f 320//207 321//207 322//207
f 323//208 324//208 325//208
f 326//209 325//209 324//209
f 155//210 48//210 47//210
f 327//211 328//211 329//211
f 266//212 88//212 330//212
f 131//213 298//213 192//213
f 138//214 331//214 267//214
f 138//215 332//215 331//215
f 33//216 333//216 238//216
f 334//217 333//217 33//217
f 294//218 51//218 144//218
f 335//219 336//219 226//219
f 14//220 337//220 99//220
f 37//221 39//221 275//221
f 90//222 196//222 91//222
f 323//223 325//223 157//223
f 290//224 289//224 157//224
f 338//225 112//225 281//225
f 338//226 235//226 233//226
f 199//227 293//227 50//227
f 232//228 339//228 340//228
f 316//229 71//229 169//229
f 215//230 213//230 116//230
f 203//231 332//231 138//231
f 87//232 13//232 15//232
f 58//233 60//233 104//233
f 341//234 342//234 343//234
f 344//235 40//235 224//235
f 226//236 336//236 344//236
f 42//237 345//237 43//237
f 250//238 65//238 251//238
f 322//239 321//239 346//239
f 347//240 317//240 319//240
f 150//241 222//241 348//241
f 223//242 188//242 190//242
f 329//243 328//243 349//243
f 350//244 326//244 351//244
f 352//245 11//245 293//245
f 19//246 21//246 352//246
f 133//247 95//247 96//247
f 304//248 353//248 95//248
f 101//249 100//249 242//249
f 102//250 103//250 354//250
f 52//251 119//251 121//251
f 297//252 218//252 52//252
f 311//253 355//253 313//253
f 134//254 314//254 356//254
f 85//255 87//255 140//255
f 268//256 140//256 139//256
f 180//257 63//257 64//257
f 64//258 63//258 65//258
f 357//259 148//259 83//259
f 189//260 357//260 83//260
f 175//261 38//261 37//261
f 4//262 92//262 358//262
f 147//263 228//263 80//263
f 156//264 158//264 359//264
f 219//265 269//265 61//265
f 28//266 62//266 61//266
f 49//267 212//267 211//267
f 350//268 49//268 211//268
f 210//269 360//269 128//269
f 77//270 128//270 360//270
f 271//271 117//271 36//271
f 273//272 1//272 271//272
f 278//273 361//273 279//273
f 241//274 166//274 240//274
f 239//275 362//275 363//275
f 282//276 283//276 364//276
f 365//277 285//277 287//277
f 10//278 366//278 51//278
f 367//279 366//279 368//279
f 53//280 369//280 54//280
f 370//281 236//281 334//281
f 185//282 371//282 183//282
f 43//283 371//283 103//283
f 68//284 255//284 372//284
f 214//285 372//285 213//285
f 257//286 373//286 118//286
f 256//287 373//287 257//287
f 149//288 154//288 222//288
f 155//289 154//289 48//289
f 166//290 137//290 240//290
f 96//291 98//291 137//291
f 207//292 262//292 204//292
f 207//293 342//293 341//293
f 14//294 99//294 179//294
f 374//295 375//295 141//295
f 310//296 376//296 30//296
f 30//297 376//297 315//297
f 245//298 174//298 173//298
f 243//299 176//299 178//299
f 350//300 211//300 46//300
f 350//301 325//301 326//301
f 209//302 309//302 76//302
f 124//303 209//303 377//303
f 378//304 379//304 316//304
f 216//305 378//305 316//305
f 282//306 380//306 281//306
f 281//307 380//307 338//307
f 29//308 31//308 121//308
f 31//309 295//309 230//309
f 183//310 345//310 184//310
f 184//311 251//311 252//311
f 381//312 17//312 24//312
f 375//313 381//313 24//313
f 382//314 291//314 218//314
f 292//315 291//315 382//315
f 383//316 16//316 40//316
f 335//317 383//317 336//317
f 71//318 384//318 72//318
f 385//319 200//319 384//319
f 167//320 30//320 29//320
f 291//321 167//321 120//321
f 182//322 360//322 210//322
f 210//323 76//323 182//323
f 109//324 159//324 160//324
f 386//325 106//325 303//325
f 273//326 306//326 387//326
f 306//327 274//327 387//327
f 66//328 42//328 41//328
f 102//329 66//329 41//329
f 206//330 303//330 113//330
f 206//331 386//331 303//331
f 322//332 346//332 317//332
f 318//333 317//333 346//333
f 321//334 172//334 318//334
f 318//335 346//335 321//335
f 176//336 122//336 123//336
f 177//337 176//337 5//337
f 118//338 385//338 115//338
f 118//339 117//339 201//339
f 295//340 294//340 231//340
f 199//341 50//341 340//341
f 266//342 330//342 195//342
f 195//343 192//343 20//343
f 383//344 85//344 16//344
f 268//345 84//345 16//345
f 238//346 23//346 22//346
f 238//347 237//347 239//347
f 256//348 67//348 292//348
f 256//349 7//349 258//349
f 65//350 62//350 186//350
f 65//351 63//351 62//351
f 87//352 15//352 203//352
f 140//353 87//353 203//353
f 3//354 293//354 198//354
f 3//355 198//355 200//355
f 218//356 119//356 52//356
f 291//357 119//357 218//357
f 258//358 9//358 34//358
f 34//359 244//359 35//359
f 24//360 25//360 142//360
f 84//361 25//361 17//361
f 184//362 301//362 185//362
f 185//363 388//363 27//363
f 249//364 348//364 82//364
f 229//365 83//365 82//365
f 377//366 209//366 296//366
f 125//367 127//367 126//367
f 158//368 80//368 359//368
f 45//369 80//369 158//369
f 262//370 112//370 338//370
f 262//371 263//371 265//371
f 302//372 163//372 247//372
f 105//373 107//373 247//373
f 186//374 301//374 252//374
f 252//375 65//375 186//375
f 182//376 78//376 170//376
f 170//377 78//377 77//377
f 59//378 233//378 60//378
f 105//379 60//379 233//379
f 83//380 148//380 81//380
f 249//381 81//381 148//381
f 194//382 266//382 195//382
f 300//383 194//383 90//383
f 310//384 214//384 376//384
f 214//385 310//385 372//385
f 161//386 110//386 162//386
f 110//387 343//387 162//387
f 277//388 279//388 164//388
f 241//389 164//389 279//389
f 205//390 59//390 58//390
f 338//391 233//391 59//391
f 164//392 97//392 304//392
f 97//393 353//393 304//393
f 312//394 133//394 136//394
f 133//395 96//395 136//395
f 380//396 287//396 338//396
f 365//397 287//397 380//397
f 105//398 234//398 108//398
f 56//399 108//399 234//399
f 349//400 328//400 351//400
f 328//401 327//401 351//401
f 45//402 158//402 157//402
f 325//403 45//403 157//403
f 303//404 55//404 113//404
f 113//405 55//405 57//405
f 335//406 226//406 99//406
f 99//407 226//407 100//407
f 216//408 169//408 315//408
f 315//409 169//409 232//409
f 39//410 196//410 275//410
f 276//411 275//411 20//411
f 54//412 334//412 33//412
f 54//413 369//413 334//413
f 271//414 1//414 117//414
f 1//415 3//415 117//415
f 293//416 10//416 50//416
f 293//417 11//417 10//417
f 166//418 165//418 135//418
f 165//419 311//419 313//419
f 43//420 345//420 183//420
f 371//421 43//421 183//421
f 220//422 101//422 219//422
f 101//423 242//423 219//423
f 318//424 172//424 75//424
f 75//425 172//425 128//425
f 159//426 248//426 107//426
f 247//427 107//427 248//427
f 15//428 221//428 202//428
f 15//429 202//429 331//429
f 15//430 14//430 221//430
f 14//431 179//431 374//431
f 52//432 231//432 53//432
f 231//433 144//433 53//433
f 352//434 21//434 11//434
f 11//435 21//435 191//435
f 148//436 147//436 212//436
f 212//437 147//437 79//437
f 122//438 9//438 8//438
f 244//439 122//439 243//439
f 159//440 389//440 248//440
f 109//441 389//441 159//441
f 96//442 353//442 97//442
f 95//443 353//443 96//443
f 232//444 295//444 31//444
f 31//445 315//445 232//445
f 264//446 206//446 113//446
f 264//447 263//447 206//447
f 290//448 157//448 156//448
f 290//449 156//449 288//449
f 200//450 199//450 339//450
f 339//451 199//451 340//451
f 35//452 270//452 272//452
f 270//453 197//453 272//453
f 244//454 243//454 245//454
f 245//455 243//455 174//455
f 144//456 51//456 390//456
f 51//457 366//457 367//457
f 132//458 278//458 277//458
f 217//459 132//459 280//459
f 42//460 251//460 345//460
f 184//461 345//461 251//461
f 334//462 369//462 370//462
f 391//463 370//463 145//463
f 261//464 299//464 362//464
f 174//465 254//465 175//465
f 175//466 358//466 38//466
f 222//467 223//467 190//467
f 154//468 223//468 222//468
f 179//469 101//469 220//469
f 374//470 179//470 375//470
f 4//471 177//471 5//471
f 178//472 177//472 4//472
f 191//473 368//473 12//473
f 376//474 214//474 216//474
f 376//475 216//475 315//475
f 21//476 299//476 259//476
f 261//477 259//477 299//477
f 240//478 137//478 98//478
f 240//479 98//479 164//479
f 278//480 166//480 241//480
f 132//481 166//481 278//481
f 189//482 228//482 146//482
f 228//483 189//483 80//483
f 258//484 34//484 373//484
f 256//485 258//485 373//485
f 350//486 47//486 49//486
f 351//487 327//487 350//487
f 309//488 124//488 208//488
f 209//489 392//489 309//489
f 153//490 187//490 154//490
f 154//491 187//491 223//491
f 255//492 114//492 213//492
f 372//493 255//493 213//493
f 323//494 153//494 155//494
f 289//495 323//495 157//495
f 337//496 335//496 99//496
f 337//497 86//497 335//497
f 33//498 238//498 22//498
f 6//499 33//499 22//499
f 91//500 196//500 39//500
f 91//501 39//501 38//501
f 381//502 180//502 17//502
f 180//503 64//503 17//503
f 208//504 74//504 73//504
f 308//505 73//505 246//505
f 282//506 365//506 380//506
f 282//507 364//507 365//507
f 106//508 160//508 107//508
f 109//509 160//509 106//509
f 126//510 172//510 321//510
f 126//511 321//511 320//511
f 46//512 45//512 325//512
f 325//513 350//513 46//513
f 224//514 40//514 18//514
f 224//515 18//515 225//515
f 27//516 388//516 186//516
f 27//517 186//517 28//517
f 312//518 134//518 133//518
f 134//519 312//519 314//519
f 343//520 58//520 104//520
f 343//521 204//521 58//521
f 74//522 126//522 320//522
f 74//523 319//523 75//523
f 354//524 103//524 242//524
f 103//525 26//525 242//525
f 176//526 123//526 5//526
f 5//527 123//527 297//527
f 116//528 379//528 378//528
f 116//529 384//529 379//529
f 188//530 153//530 288//530
f 288//531 156//531 188//531
f 164//532 305//532 93//532
f 152//533 164//533 93//533
f 116//534 115//534 384//534
f 385//535 384//535 115//535
f 167//536 67//536 69//536
f 291//537 67//537 167//537
f 55//538 227//538 56//538
f 227//539 108//539 56//539
f 154//540 149//540 48//540
f 48//541 149//541 151//541
f 44//542 79//542 45//542
f 212//543 79//543 44//543
f 5//544 297//544 32//544
f 297//545 52//545 32//545
f 51//546 367//546 390//546
f 390//547 367//547 391//547
f 2//548 352//548 293//548
f 19//549 352//549 2//549
f 307//550 246//550 77//550
f 246//551 75//551 77//551
f 150//552 348//552 249//552
f 249//553 151//553 150//553
f 210//554 127//554 296//554
f 125//555 296//555 127//555
f 76//556 307//556 77//556
f 309//557 307//557 76//557
f 23//558 239//558 88//558
f 238//559 239//559 23//559
f 85//560 268//560 16//560
f 268//561 85//561 140//561
f 34//562 9//562 244//562
f 9//563 122//563 244//563
f 365//564 364//564 285//564
f 285//565 364//565 286//565
f 207//566 263//566 262//566
f 263//567 207//567 206//567
f 286//568 235//568 287//568
f 338//569 287//569 235//569
f 84//570 139//570 267//570
f 138//571 267//571 139//571
f 295//572 340//572 294//572
f 232//573 340//573 295//573
f 331//574 143//574 267//574
f 331//575 202//575 143//575
f 273//576 19//576 1//576
f 387//577 19//577 273//577
f 253//578 90//578 92//578
f 4//579 90//579 253//579
f 313//580 314//580 355//580
f 355//581 356//581 314//581
f 185//582 26//582 371//582
f 103//583 371//583 26//583
f 200//584 339//584 72//584
f 384//585 200//585 72//585
f 120//586 29//586 121//586
f 167//587 29//587 120//587
f 300//588 266//588 194//588
f 300//589 89//589 266//589
f 36//590 35//590 271//590
f 35//591 272//591 271//591
f 348//592 229//592 82//592
f 222//593 229//593 348//593
f 8//594 382//594 218//594
f 8//595 292//595 382//595
f 260//596 191//596 259//596
f 368//597 191//597 260//597
f 388//598 301//598 186//598
f 185//599 301//599 388//599
f 265//600 113//600 112//600
f 262//601 265//601 112//601
f 241//602 279//602 361//602
f 361//603 278//603 241//603
f 144//604 391//604 145//604
f 144//605 390//605 391//605
f 281//606 57//606 283//606
f 57//607 235//607 286//607
f 288//608 153//608 289//608
f 153//609 323//609 289//609
f 146//610 148//610 357//610
f 189//611 146//611 357//611
f 28//612 61//612 269//612
f 269//613 242//613 28//613
f 298//614 130//614 193//614
f 192//615 298//615 193//615
f 203//616 15//616 332//616
f 332//617 15//617 331//617
f 142//618 25//618 84//618
f 142//619 84//619 267//619
f 167//620 168//620 30//620
f 310//621 30//621 168//621
f 100//622 354//622 242//622
f 100//623 102//623 354//623
f 135//624 313//624 136//624
f 165//625 313//625 135//625
f 6//626 23//626 89//626
f 6//627 89//627 300//627
f 373//628 36//628 118//628
f 373//629 34//629 36//629
f 50//630 51//630 294//630
f 340//631 50//631 294//631
f 42//632 250//632 251//632
f 66//633 250//633 42//633
f 205//634 262//634 338//634
f 205//635 338//635 59//635
f 77//636 360//636 171//636
f 182//637 171//637 360//637
f 124//638 392//638 209//638
f 309//639 392//639 124//639
f 216//640 215//640 378//640
f 215//641 116//641 378//641
f 155//642 324//642 323//642
f 329//643 155//643 47//643
f 207//644 204//644 342//644
f 342//645 204//645 343//645
f 379//646 71//646 316//646
f 71//647 379//647 384//647
f 80//648 189//648 359//648
f 156//649 359//649 189//649
f 109//650 106//650 386//650
f 206//651 109//651 386//651
f 329//652 47//652 327//652
f 327//653 47//653 350//653
f 226//654 344//654 102//654
f 102//655 344//655 224//655
f 372//656 310//656 69//656
f 68//657 372//657 69//657
f 236//658 333//658 334//658
f 238//659 333//659 236//659
f 389//660 111//660 248//660
f 109//661 111//661 389//661
f 48//662 151//662 49//662
f 151//663 212//663 49//663
f 13//664 337//664 14//664
f 13//665 86//665 337//665
f 14//666 374//666 221//666
f 374//667 141//667 221//667
f 92//668 91//668 38//668
f 358//669 92//669 38//669
f 70//670 339//670 232//670
f 70//671 72//671 339//671
f 274//672 37//672 276//672
f 175//673 37//673 274//673
f 254//674 4//674 358//674
f 175//675 254//675 358//675
f 24//676 142//676 141//676
f 375//677 24//677 141//677
f 383//678 86//678 85//678
f 335//679 86//679 383//679
f 131//680 192//680 330//680
f 195//681 330//681 192//681
f 181//682 180//682 381//682
f 220//683 181//683 381//683
f 308//684 208//684 73//684
f 309//685 208//685 308//685
f 302//686 161//686 163//686
f 110//687 161//687 302//687
f 162//688 104//688 105//688
f 162//689 343//689 104//689
f 217//690 152//690 133//690
f 217//691 164//691 152//691
f 74//692 320//692 319//692
f 347//693 319//693 320//693
f 280//694 277//694 164//694
f 132//695 277//695 280//695
f 355//696 311//696 356//696
f 134//697 311//697 356//697
f 31//698 230//698 121//698
f 121//699 230//699 52//699
f 235//700 284//700 234//700
f 56//701 234//701 284//701
f 124//702 377//702 125//702
f 377//703 296//703 125//703
f 349//704 326//704 324//704
f 349//705 351//705 326//705
f 349//706 324//706 329//706
f 324//707 155//707 329//707
f 256//708 292//708 7//708
f 7//709 292//709 8//709
f 118//710 201//710 385//710
f 201//711 200//711 385//711
f 220//712 381//712 375//712
f 375//713 179//713 220//713
f 341//714 343//714 110//714
f 207//715 341//715 110//715
f 222//716 190//716 229//716
f 190//717 189//717 229//717
f 88//718 131//718 330//718
f 239//719 131//719 88//719
f 256//720 68//720 67//720
f 68//721 256//721 255//721
f 239//722 362//722 129//722
f 299//723 129//723 362//723
f 364//724 283//724 286//724
f 283//725 57//725 286//725
f 299//726 193//726 130//726
f 299//727 130//727 129//727
f 53//728 145//728 369//728
f 370//729 369//729 145//729
f 10//730 12//730 366//730
f 368//731 366//731 12//731
f 114//732 257//732 115//732
f 255//733 257//733 114//733
f 270//734 173//734 197//734
f 245//735 173//735 270//735
f 94//736 305//736 95//736
f 93//737 305//737 94//737
f 320//738 322//738 347//738
f 322//739 317//739 347//739
f 276//740 19//740 387//740
f 387//741 274//741 276//741
f 336//742 383//742 40//742
f 344//743 336//743 40//743
f 162//744 105//744 163//744
f 105//745 247//745 163//745
f 237//746 363//746 239//746
f 196//747 20//747 275//747
f 195//748 20//748 196//748
f 243//749 178//749 174//749
f 174//750 178//750 254//750
f 272//751 197//751 306//751
f 197//752 274//752 306//752
f 393//753 394//753 395//753
f 396//754 397//754 398//754
f 399//755 400//755 401//755
f 402//756 403//756 404//756
f 405//757 406//757 407//757
f 408//758 409//758 410//758
f 411//759 412//759 413//759
f 414//760 415//760 416//760
f 417//761 418//761 419//761
f 420//762 421//762 422//762
f 412//763 423//763 424//763
f 425//764 416//764 415//764
f 426//765 427//765 428//765
f 429//766 430//766 431//766
f 432//767 433//767 434//767
f 435//768 436//768 437//768
f 438//769 439//769 440//769
f 401//770 441//770 442//770
f 443//771 444//771 445//771
f 446//772 447//772 448//772
f 449//773 450//773 406//773
f 451//774 452//774 453//774
f 454//775 455//775 456//775
f 446//776 457//776 447//776
f 458//777 408//777 410//777
f 459//778 460//778 461//778
f 451//779 462//779 452//779
f 405//780 407//780 463//780
f 464//781 465//781 466//781
f 467//782 468//782 469//782
f 470//783 471//783 472//783
f 473//784 474//784 475//784
f 476//785 477//785 478//785
f 436//786 479//786 480//786
f 481//787 482//787 483//787
f 438//788 484//788 439//788
f 485//789 486//789 487//789
f 416//790 488//790 414//790
f 489//791 474//791 490//791
f 491//792 489//792 492//792
f 493//793 494//793 495//793
f 462//794 493//794 495//794
f 496//795 426//795 497//795
f 497//796 498//796 496//796
f 499//797 500//797 501//797
f 502//798 503//798 504//798
f 505//799 506//799 507//799
f 508//800 509//800 510//800
f 511//801 512//801 513//801
f 427//802 514//802 428//802
f 515//803 516//803 517//803
f 518//804 519//804 515//804
f 445//805 520//805 521//805
f 455//806 522//806 456//806
f 523//807 524//807 432//807
f 525//808 437//808 526//808
f 527//809 528//809 422//809
f 457//810 529//810 530//810
f 531//811 421//811 420//811
f 527//812 397//812 532//812
f 503//813 533//813 504//813
f 472//814 534//814 411//814
f 535//815 536//815 537//815
f 538//816 539//816 540//816
f 541//817 399//817 542//817
f 484//818 400//818 399//818
f 491//819 488//819 543//819
f 543//820 425//820 491//820
f 440//821 544//821 545//821
f 505//822 507//822 545//822
f 546//823 443//823 547//823
f 548//824 546//824 547//824
f 407//825 549//825 463//825
f 493//826 409//826 494//826
f 400//827 441//827 401//827
f 484//828 550//828 400//828
f 394//829 454//829 395//829
f 551//830 396//830 529//830
f 552//831 553//831 510//831
f 544//832 554//832 545//832
f 474//833 555//833 556//833
f 414//834 557//834 415//834
f 558//835 511//835 513//835
f 559//836 430//836 426//836
f 560//837 520//837 561//837
f 521//838 520//838 560//838
f 464//839 466//839 562//839
f 505//840 464//840 563//840
f 564//841 565//841 549//841
f 565//842 564//842 539//842
f 466//843 402//843 404//843
f 541//844 542//844 482//844
f 536//845 515//845 537//845
f 408//846 458//846 566//846
f 475//847 486//847 473//847
f 567//848 486//848 568//848
f 569//849 412//849 424//849
f 570//850 569//850 556//850
f 571//851 572//851 531//851
f 397//852 531//852 573//852
f 432//853 434//853 574//853
f 476//854 478//854 575//854
f 558//855 576//855 431//855
f 577//856 578//856 427//856
f 482//857 579//857 483//857
f 580//858 581//858 440//858
f 582//859 460//859 459//859
f 583//860 410//860 584//860
f 504//861 533//861 585//861
f 488//862 585//862 414//862
f 479//863 586//863 575//863
f 476//864 525//864 526//864
f 536//865 408//865 566//865
f 536//866 495//866 494//866
f 447//867 587//867 444//867
f 529//868 588//868 530//868
f 401//869 542//869 399//869
f 469//870 468//870 589//870
f 534//871 502//871 504//871
f 534//872 504//872 590//872
f 591//873 459//873 461//873
f 591//874 518//874 566//874
f 502//875 499//875 501//875
f 534//876 499//876 502//876
f 592//877 399//877 541//877
f 481//878 483//878 593//878
f 487//879 423//879 412//879
f 487//880 594//880 585//880
f 595//881 596//881 597//881
f 476//882 526//882 477//882
f 457//883 446//883 455//883
f 417//884 548//884 418//884
f 598//885 485//885 487//885
f 491//886 567//886 568//886
f 540//887 599//887 517//887
f 449//888 517//888 450//888
f 450//889 460//889 582//889
f 515//890 600//890 516//890
f 431//891 576//891 601//891
f 426//892 602//892 427//892
f 500//893 413//893 570//893
f 472//894 411//894 413//894
f 484//895 438//895 550//895
f 550//896 438//896 440//896
f 511//897 498//897 512//897
f 428//898 514//898 603//898
f 465//899 604//899 466//899
f 581//900 402//900 554//900
f 430//901 559//901 605//901
f 431//902 430//902 558//902
f 505//903 563//903 506//903
f 563//904 606//904 506//904
f 522//905 417//905 419//905
f 419//906 445//906 607//906
f 436//907 480//907 574//907
f 480//908 608//908 574//908
f 564//909 451//909 539//909
f 535//910 537//910 599//910
f 442//911 609//911 545//911
f 442//912 441//912 609//912
f 502//913 501//913 503//913
f 557//914 501//914 610//914
f 574//915 434//915 436//915
f 436//916 611//916 612//916
f 529//917 588//917 398//917
f 396//918 398//918 529//918
f 425//919 415//919 610//919
f 415//920 557//920 610//920
f 494//921 409//921 408//921
f 536//922 494//922 408//922
f 611//923 433//923 612//923
f 437//924 524//924 596//924
f 613//925 455//925 446//925
f 446//926 614//926 613//926
f 572//927 560//927 561//927
f 454//928 456//928 395//928
f 538//929 405//929 463//929
f 565//930 463//930 549//930
f 418//931 548//931 547//931
f 419//932 418//932 547//932
f 527//933 422//933 588//933
f 422//934 520//934 587//934
f 455//935 454//935 457//935
f 396//936 551//936 454//936
f 505//937 553//937 552//937
f 505//938 552//938 508//938
f 490//939 486//939 567//939
f 492//940 489//940 490//940
f 531//941 528//941 573//941
f 532//942 528//942 527//942
f 466//943 404//943 589//943
f 606//944 589//944 468//944
f 543//945 488//945 416//945
f 425//946 543//946 416//946
f 454//947 394//947 396//947
f 396//948 394//948 397//948
f 400//949 550//949 441//949
f 550//950 609//950 441//950
f 554//951 604//951 510//951
f 553//952 554//952 510//952
f 558//953 559//953 511//953
f 511//954 496//954 498//954
f 585//955 594//955 411//955
f 534//956 590//956 411//956
f 405//957 449//957 406//957
f 540//958 517//958 449//958
f 598//959 487//959 488//959
f 488//960 487//960 585//960
f 484//961 399//961 592//961
f 484//962 593//962 439//962
f 407//963 406//963 615//963
f 615//964 582//964 584//964
f 489//965 425//965 610//965
f 425//966 489//966 491//966
f 527//967 588//967 398//967
f 398//968 397//968 527//968
f 546//969 444//969 443//969
f 446//970 448//970 614//970
f 393//971 395//971 571//971
f 571//972 531//972 397//972
f 616//973 453//973 535//973
f 539//974 616//974 535//974
f 533//975 557//975 414//975
f 533//976 414//976 585//976
f 560//977 572//977 456//977
f 522//978 560//978 456//978
f 486//979 485//979 568//979
f 568//980 485//980 598//980
f 452//981 495//981 536//981
f 452//982 462//982 495//982
f 435//983 479//983 436//983
f 479//984 435//984 586//984
f 522//985 607//985 560//985
f 419//986 607//986 522//986
f 591//987 461//987 518//987
f 461//988 519//988 518//988
f 461//989 460//989 519//989
f 450//990 600//990 460//990
f 581//991 403//991 402//991
f 580//992 579//992 581//992
f 424//993 423//993 475//993
f 556//994 475//994 474//994
f 565//995 539//995 538//995
f 538//996 463//996 565//996
f 596//997 524//997 523//997
f 617//998 596//998 477//998
f 513//999 512//999 577//999
f 576//1000 577//1000 618//1000
f 407//1001 409//1001 493//1001
f 407//1002 615//1002 409//1002
f 437//1003 436//1003 612//1003
f 433//1004 437//1004 612//1004
f 482//1005 404//1005 579//1005
f 589//1006 404//1006 482//1006
f 520//1007 422//1007 421//1007
f 520//1008 421//1008 561//1008
f 497//1009 428//1009 603//1009
f 497//1010 426//1010 619//1010
f 536//1011 566//1011 515//1011
f 518//1012 515//1012 566//1012
f 478//1013 523//1013 432//1013
f 608//1014 432//1014 574//1014
f 492//1015 490//1015 567//1015
f 491//1016 492//1016 567//1016
f 573//1017 528//1017 532//1017
f 397//1018 573//1018 532//1018
f 592//1019 481//1019 593//1019
f 484//1020 592//1020 620//1020
f 551//1021 457//1021 454//1021
f 457//1022 551//1022 529//1022
f 429//1023 431//1023 602//1023
f 602//1024 431//1024 601//1024
f 445//1025 587//1025 520//1025
f 444//1026 587//1026 445//1026
f 559//1027 621//1027 511//1027
f 559//1028 426//1028 621//1028
f 517//1029 516//1029 450//1029
f 516//1030 600//1030 450//1030
f 613//1031 548//1031 455//1031
f 548//1032 613//1032 614//1032
f 562//1033 606//1033 563//1033
f 563//1034 464//1034 562//1034
f 531//1035 572//1035 561//1035
f 531//1036 561//1036 421//1036
f 486//1037 423//1037 487//1037
f 475//1038 423//1038 486//1038
f 462//1039 564//1039 493//1039
f 564//1040 462//1040 451//1040
f 526//1041 437//1041 597//1041
f 526//1042 617//1042 477//1042
f 602//1043 601//1043 427//1043
f 576//1044 618//1044 601//1044
f 426//1045 429//1045 602//1045
f 430//1046 429//1046 426//1046
f 512//1047 603//1047 514//1047
f 512//1048 514//1048 577//1048
f 582//1049 459//1049 584//1049
f 591//1050 584//1050 459//1050
f 539//1051 535//1051 599//1051
f 539//1052 599//1052 540//1052
f 483//1053 579//1053 580//1053
f 439//1054 593//1054 483//1054
f 542//1055 401//1055 589//1055
f 589//1056 482//1056 542//1056
f 455//1057 417//1057 522//1057
f 455//1058 548//1058 417//1058
f 401//1059 469//1059 589//1059
f 401//1060 442//1060 469//1060
f 499//1061 470//1061 500//1061
f 534//1062 470//1062 499//1062
f 575//1063 478//1063 480//1063
f 480//1064 479//1064 575//1064
f 500//1065 570//1065 501//1065
f 610//1066 501//1066 555//1066
f 537//1067 517//1067 599//1067
f 537//1068 515//1068 517//1068
f 525//1069 435//1069 437//1069
f 435//1070 525//1070 586//1070
f 432//1071 524//1071 433//1071
f 437//1072 433//1072 524//1072
f 440//1073 581//1073 544//1073
f 544//1074 581//1074 554//1074
f 596//1075 523//1075 477//1075
f 478//1076 477//1076 523//1076
f 513//1077 577//1077 576//1077
f 558//1078 513//1078 576//1078
f 426//1079 428//1079 619//1079
f 619//1080 428//1080 497//1080
f 562//1081 466//1081 606//1081
f 606//1082 466//1082 589//1082
f 457//1083 530//1083 447//1083
f 530//1084 587//1084 447//1084
f 442//1085 467//1085 469//1085
f 467//1086 442//1086 545//1086
f 478//1087 608//1087 480//1087
f 478//1088 432//1088 608//1088
f 622//1089 585//1089 411//1089
f 504//1090 585//1090 622//1090
f 453//1091 452//1091 536//1091
f 453//1092 536//1092 535//1092
f 413//1093 412//1093 569//1093
f 413//1094 569//1094 570//1094
f 566//1095 458//1095 591//1095
f 583//1096 584//1096 591//1096
f 419//1097 443//1097 445//1097
f 419//1098 547//1098 443//1098
f 533//1099 503//1099 557//1099
f 503//1100 501//1100 557//1100
f 436//1101 434//1101 611//1101
f 434//1102 433//1102 611//1102
f 484//1103 620//1103 593//1103
f 592//1104 593//1104 620//1104
f 508//1105 465//1105 464//1105
f 505//1106 508//1106 464//1106
f 511//1107 621//1107 496//1107
f 621//1108 426//1108 496//1108
f 541//1109 482//1109 481//1109
f 592//1110 541//1110 481//1110
f 519//1111 600//1111 515//1111
f 460//1112 600//1112 519//1112
f 474//1113 473//1113 490//1113
f 490//1114 473//1114 486//1114
f 420//1115 422//1115 528//1115
f 531//1116 420//1116 528//1116
f 607//1117 521//1117 560//1117
f 607//1118 445//1118 521//1118
f 395//1119 456//1119 572//1119
f 571//1120 395//1120 572//1120
f 569//1121 424//1121 556//1121
f 556//1122 424//1122 475//1122
f 507//1123 506//1123 468//1123
f 506//1124 606//1124 468//1124
f 407//1125 493//1125 549//1125
f 564//1126 549//1126 493//1126
f 472//1127 413//1127 500//1127
f 470//1128 472//1128 500//1128
f 487//1129 412//1129 594//1129
f 411//1130 594//1130 412//1130
f 558//1131 605//1131 559//1131
f 430//1132 605//1132 558//1132
f 616//1133 451//1133 453//1133
f 451//1134 616//1134 539//1134
f 614//1135 444//1135 546//1135
f 548//1136 614//1136 546//1136
f 530//1137 588//1137 587//1137
f 422//1138 587//1138 588//1138
f 409//1139 615//1139 410//1139
f 615//1140 584//1140 410//1140
f 570//1141 556//1141 555//1141
f 501//1142 570//1142 555//1142
f 497//1143 603//1143 498//1143
f 498//1144 603//1144 512//1144
f 540//1145 449//1145 405//1145
f 538//1146 540//1146 405//1146
f 404//1147 403//1147 579//1147
f 579//1148 403//1148 581//1148
f 554//1149 402//1149 604//1149
f 604//1150 402//1150 466//1150
f 439//1151 483//1151 580//1151
f 439//1152 580//1152 440//1152
f 505//1153 545//1153 553//1153
f 545//1154 554//1154 553//1154
f 489//1155 610//1155 474//1155
f 474//1156 610//1156 555//1156
f 465//1157 510//1157 604//1157
f 508//1158 510//1158 465//1158
f 534//1159 472//1159 471//1159
f 470//1160 534//1160 471//1160
f 467//1161 507//1161 468//1161
f 507//1162 467//1162 545//1162
f 617//1163 597//1163 596//1163
f 526//1164 597//1164 617//1164
f 590//1165 622//1165 411//1165
f 504//1166 622//1166 590//1166
f 448//1167 447//1167 444//1167
f 614//1168 448//1168 444//1168
f 577//1169 427//1169 618//1169
f 601//1170 618//1170 427//1170
f 577//1171 514//1171 578//1171
f 427//1172 578//1172 514//1172
f 397//1173 393//1173 571//1173
f 394//1174 393//1174 397//1174
f 437//1175 596//1175 595//1175
f 597//1176 437//1176 595//1176
f 550//1177 440//1177 609//1177
f 440//1178 545//1178 609//1178
f 575//1179 586//1179 476//1179
f 586//1180 525//1180 476//1180
f 509//1181 552//1181 510//1181
f 552//1182 509//1182 508//1182
f 406//1183 450//1183 582//1183
f 406//1184 582//1184 615//1184
f 458//1185 583//1185 591//1185
f 410//1186 583//1186 458//1186
f 491//1187 568//1187 598//1187
f 598//1188 488//1188 491//1188
f 623//1189 624//1189 625//1189
f 626//1190 627//1190 628//1190
f 629//1191 630//1191 626//1191
f 631//1192 625//1192 632//1192
f 633//1193 634//1193 635//1193
f 636//1194 637//1194 638//1194
f 639//1195 640//1195 641//1195
f 642//1196 643//1196 644//1196
f 645//1197 629//1197 646//1197
f 623//1198 647//1198 624//1198
f 626//1199 630//1199 627//1199
f 625//1200 630//1200 648//1200
f 632//1201 625//1201 648//1201
f 649//1202 632//1202 650//1202
f 628//1203 627//1203 651//1203
f 652//1204 626//1204 628//1204
f 653//1205 654//1205 655//1205
f 632//1206 656//1206 629//1206
f 648//1207 657//1207 658//1207
f 624//1208 647//1208 626//1208
f 646//1209 629//1209 626//1209
f 624//1210 651//1210 625//1210
f 652//1211 628//1211 651//1211
f 642//1212 644//1212 659//1212
f 651//1213 627//1213 660//1213
f 661//1214 630//1214 625//1214
f 636//1215 662//1215 637//1215
f 631//1216 632//1216 649//1216
f 646//1217 623//1217 645//1217
f 641//1218 640//1218 655//1218
f 643//1219 633//1219 644//1219
f 655//1220 654//1220 634//1220
f 653//1221 654//1221 663//1221
f 633//1222 664//1222 644//1222
f 665//1223 635//1223 663//1223
f 662//1224 639//1224 641//1224
f 666//1225 667//1225 639//1225
f 637//1226 643//1226 642//1226
f 641//1227 668//1227 669//1227
f 647//1228 623//1228 670//1228
f 647//1229 670//1229 626//1229
f 640//1230 653//1230 655//1230
f 650//1231 632//1231 629//1231
f 649//1232 650//1232 629//1232
f 658//1233 657//1233 630//1233
f 648//1234 630//1234 657//1234
f 638//1235 637//1235 642//1235
f 671//1236 642//1236 672//1236
f 659//1237 644//1237 665//1237
f 644//1238 664//1238 665//1238
f 655//1239 634//1239 633//1239
f 669//1240 668//1240 673//1240
f 637//1241 641//1241 643//1241
f 662//1242 641//1242 637//1242
f 642//1243 671//1243 638//1243
f 674//1244 638//1244 671//1244
f 639//1245 667//1245 640//1245
f 667//1246 653//1246 640//1246
f 636//1247 674//1247 662//1247
f 638//1248 674//1248 636//1248
f 648//1249 658//1249 656//1249
f 632//1250 648//1250 656//1250
f 654//1251 663//1251 634//1251
f 635//1252 634//1252 663//1252
f 660//1253 661//1253 625//1253
f 625//1254 651//1254 660//1254
f 623//1255 631//1255 645//1255
f 631//1256 623//1256 625//1256
f 656//1257 658//1257 629//1257
f 629//1258 658//1258 630//1258
f 643//1259 641//1259 669//1259
f 669//1260 673//1260 643//1260
f 645//1261 631//1261 649//1261
f 645//1262 649//1262 629//1262
f 674//1263 666//1263 662//1263
f 666//1264 639//1264 662//1264
f 627//1265 661//1265 660//1265
f 630//1266 661//1266 627//1266
f 665//1267 664//1267 635//1267
f 633//1268 635//1268 664//1268
f 659//1269 672//1269 642//1269
f 643//1270 673//1270 633//1270
f 673//1271 655//1271 633//1271
f 624//1272 652//1272 651//1272
f 652//1273 624//1273 626//1273
f 641//1274 655//1274 668//1274
f 668//1275 655//1275 673//1275
f 646//1276 626//1276 670//1276
f 670//1277 623//1277 646//1277
f 675//1278 676//1278 677//1278
f 678//1279 679//1279 680//1279
f 681//1280 682//1280 683//1280
f 684//1281 685//1281 686//1281
f 684//1282 682//1282 681//1282
f 687//1283 688//1283 689//1283
f 690//1284 691//1284 679//1284
f 692//1285 693//1285 690//1285
f 683//1286 682//1286 694//1286
f 695//1287 682//1287 696//1287
f 680//1288 679//1288 691//1288
f 680//1289 676//1289 678//1289
f 694//1290 682//1290 695//1290
f 684//1291 686//1291 695//1291
f 675//1292 678//1292 676//1292
f 697//1293 692//1293 678//1293
f 690//1294 676//1294 691//1294
f 691//1295 698//1295 680//1295
f 685//1296 683//1296 694//1296
f 689//1297 683//1297 685//1297
f 684//1298 696//1298 682//1298
f 684//1299 695//1299 696//1299
f 693//1300 697//1300 677//1300
f 697//1301 693//1301 692//1301
f 690//1302 679//1302 692//1302
f 678//1303 692//1303 679//1303
f 688//1304 681//1304 689//1304
f 689//1305 681//1305 683//1305
f 686//1306 685//1306 694//1306
f 686//1307 694//1307 695//1307
f 676//1308 698//1308 691//1308
f 680//1309 698//1309 676//1309
f 677//1310 676//1310 690//1310
f 693//1311 677//1311 690//1311
f 687//1312 689//1312 685//1312
f 687//1313 685//1313 684//1313
f 697//1314 678//1314 675//1314
f 677//1315 697//1315 675//1315
f 688//1316 684//1316 681//1316
f 688//1317 687//1317 684//1317
# Vertices: 698, normals: 1317, texture coordinates: 0, faces: 1317

